AccX,AccY,AccZ,Class,Timestamp,brake
0.0,0.0,0.0,NORMAL,3581629,0
-1.6248639,-1.0824918,-0.20418262,NORMAL,3581630,0
-0.5946599,-0.122409865,0.2205019,NORMAL,3581630,0
0.7384782,-0.22845554,0.66773224,NORMAL,3581631,0
0.101741076,0.7775676,-0.066729546,NORMAL,3581631,0
0.15846956,0.34589112,0.3552742,NORMAL,3581632,0
0.078171015,-0.34917977,0.27065182,NORMAL,3581632,0
-0.66274977,-0.46277535,-0.09979725,NORMAL,3581633,0
0.46731782,-0.23463994,0.13413906,NORMAL,3581633,0
-0.17189527,-0.40889418,0.41465282,NORMAL,3581634,0
0.8526788,-0.41677797,0.4910078,NORMAL,3581634,0
0.30885077,0.23902233,1.5170336,NORMAL,3581635,0
-0.40297937,-0.040392295,-1.0480223,NORMAL,3581636,0
-0.6046126,0.84023064,-0.8447466,NORMAL,3581636,0
0.16359544,0.47510707,0.006772995,NORMAL,3581637,0
-0.25059032,1.7221956,0.529089,NORMAL,3581637,0
0.7984953,0.1821081,0.20606041,NORMAL,3581638,0
-0.29116774,1.694341,1.4759464,NORMAL,3581638,0
1.1801066,1.6199347,1.0541077,NORMAL,3581639,0
-1.2662845,-1.4181135,0.4026966,NORMAL,3581639,0
-1.9412715,-1.3333063,-0.80127716,NORMAL,3581640,0
-0.16773546,-1.0927223,-0.4438877,NORMAL,3581640,0
0.099909425,-0.90456706,-0.58917904,NORMAL,3581641,0
-0.23394442,-0.092106625,-0.21144581,NORMAL,3581641,0
-0.74943143,-0.33966783,-0.7901592,NORMAL,3581642,0
-0.48120236,0.726062,-0.46176815,NORMAL,3581643,0
-0.018947363,0.68598056,0.5985756,NORMAL,3581643,0
-0.34503925,-0.12613934,-0.11033535,NORMAL,3581644,0
0.5063236,0.89916474,-0.48235893,NORMAL,3581644,0
-0.7444526,0.30807012,0.13416195,NORMAL,3581645,0
-2.3109999,-0.00023590773,1.234169,NORMAL,3581645,1
-1.2354913,-1.1864295,-0.4508562,NORMAL,3581646,1
-0.05797839,-1.2544351,-1.2268076,NORMAL,3581646,0
0.73513544,-0.59420466,0.5606766,NORMAL,3581647,0
-0.18448567,-0.28631848,0.45686817,NORMAL,3581647,0
0.21474361,-0.17878866,0.5616379,NORMAL,3581648,0
0.19085145,-0.18170041,0.5620079,NORMAL,3581648,0
-0.26172924,-0.5900413,-0.06337738,NORMAL,3581649,0
-0.250973,0.109036595,0.17395306,NORMAL,3581650,0
-0.3154993,-0.40621176,-0.6458931,NORMAL,3581650,0
1.0180122,0.70333594,-0.9524183,NORMAL,3581651,0
-0.97506404,0.13342544,-0.51490307,NORMAL,3581651,0
-0.37907457,-0.45772478,-0.011478424,NORMAL,3581652,0
0.24483013,0.65835357,-0.44392014,NORMAL,3581652,0
0.45495677,0.4233096,0.17937946,NORMAL,3581653,0
-0.16050053,0.4032675,0.935833,NORMAL,3581653,0
-0.7214869,-0.5823275,-0.5584183,NORMAL,3581654,0
-0.10930574,0.63884765,-0.6289568,NORMAL,3581654,0
0.1320141,-0.30378756,0.08743,NORMAL,3581655,0
-0.104435205,-0.009786218,0.19088554,NORMAL,3581655,0
-0.18531281,0.6822442,0.02031517,NORMAL,3581656,0
1.0312804,0.72823286,0.1628828,NORMAL,3581657,0
0.024627209,0.4760384,-1.6079884,NORMAL,3581657,0
1.158198,0.22727384,-0.6456232,NORMAL,3581658,0
1.1000575,0.22532225,-0.049497604,NORMAL,3581658,0
0.665429,0.49806526,-0.106206894,NORMAL,3581659,0
0.8107588,0.3941303,0.5273695,NORMAL,3581659,0
-0.6773871,-0.56613946,-0.8683405,NORMAL,3581660,0
-0.7798283,0.45677698,-0.5473404,NORMAL,3581660,0
-0.62190557,-0.4506393,0.37696838,NORMAL,3581661,0
0.70113504,-0.16873932,2.0005665,NORMAL,3581661,0
1.8915246,1.1473792,1.4740295,NORMAL,3581662,0
-0.44840515,-0.0026172996,-0.41570568,NORMAL,3581663,0
-0.6348057,0.67214185,-0.2979393,NORMAL,3581663,0
0.6373229,0.9423757,-0.43490982,NORMAL,3581664,0
-1.1450831,-1.1350858,0.052502632,NORMAL,3581664,0
-1.561934,1.0792023,0.28938866,NORMAL,3581665,0
-2.3862872,-1.1911907,1.1060066,NORMAL,3581665,1
-2.8973424,-0.020120025,-0.67102814,NORMAL,3581666,1
-0.84673524,1.1123292,0.09226227,NORMAL,3581666,1
-0.9487786,-1.1211964,0.36146355,NORMAL,3581667,0
-0.66064614,0.47948244,1.7438354,NORMAL,3581667,0
0.32185626,-0.004040621,0.43290806,NORMAL,3581668,0
-0.62467885,-0.8120796,-0.07954121,NORMAL,3581668,0
0.661506,0.0063890815,-0.5900564,NORMAL,3581669,0
0.34187663,0.5163145,-0.15867233,NORMAL,3581670,0
-1.1381806,0.89366126,0.8679552,NORMAL,3581670,0
1.1962264,-0.36534023,-0.67862415,NORMAL,3581671,0
0.9723377,0.17520386,-1.4484472,NORMAL,3581671,0
2.0955453,-0.03835237,-0.12156963,NORMAL,3581672,0
0.6891172,0.0041232705,-1.3480415,NORMAL,3581672,0
-0.9347031,-0.4371791,-0.59119606,NORMAL,3581673,0
0.10281992,0.45909715,-0.11830711,NORMAL,3581673,0
-0.0144354105,-0.950908,0.82091236,NORMAL,3581674,0
0.32654715,0.32304913,0.5020542,NORMAL,3581674,0
0.96308875,0.4298553,0.52382755,NORMAL,3581675,0
0.17647147,0.5752955,1.5496607,NORMAL,3581675,0
0.9191344,0.93255293,-0.29841137,NORMAL,3581676,0
2.6182406,2.4308987,-0.82796764,NORMAL,3581677,0
1.9347279,0.7842797,-1.5967312,NORMAL,3581677,0
1.6863043,1.2241917,-0.587286,NORMAL,3581678,0
2.5924811,0.79024184,-0.40652752,NORMAL,3581678,0
1.4067512,0.5025584,-1.3592224,NORMAL,3581679,0
0.8868482,0.51803625,0.11828709,NORMAL,3581679,0
-1.0272081,-0.055243492,-0.14257717,NORMAL,3581680,0
-1.5332457,0.928036,-0.6522989,NORMAL,3581680,0
-1.5276446,-0.38795257,-0.5631046,NORMAL,3581681,0
0.5042579,0.22524488,0.1879034,NORMAL,3581681,0
1.3128617,-0.6251019,-0.38088036,NORMAL,3581682,0
0.38992918,0.10109073,-0.35014343,NORMAL,3581682,0
0.08548367,-1.1993814,-0.7559643,NORMAL,3581683,0
-0.41264224,1.6265585,0.5976982,NORMAL,3581684,0
-0.48421,1.4568092,-1.1082525,NORMAL,3581684,0
-1.0362381,0.08818948,-0.9361582,NORMAL,3581685,0
0.47458458,0.6829182,-0.771245,NORMAL,3581685,0
-0.2566589,-0.72001874,0.73049927,NORMAL,3581686,0
-0.32550082,-0.71391904,-0.15477943,NORMAL,3581686,0
-0.728944,-0.77842444,-1.2348099,NORMAL,3581687,0
-0.58216274,-0.15954599,-0.18910027,NORMAL,3581687,0
1.2212067,-0.16466856,0.00062942505,NORMAL,3581688,0
0.15069354,0.25608444,0.029931068,NORMAL,3581688,0
0.24779892,0.37465924,-0.24551773,NORMAL,3581689,0
-0.37758067,0.4206541,-0.37968922,NORMAL,3581690,0
0.25124454,-1.0838859,-0.08934784,NORMAL,3581690,0
0.3612535,-0.3177319,0.797492,NORMAL,3581691,0
0.390069,1.3255444,0.38725853,NORMAL,3581691,0
0.24759364,0.77460706,0.692894,NORMAL,3581692,0
-0.044749975,-0.51509464,-0.94717216,NORMAL,3581692,0
0.38730168,0.006276071,2.904272,NORMAL,3581693,0
1.1234715,0.5328438,-0.19660187,NORMAL,3581693,0
0.119714975,0.83592296,-0.52494335,NORMAL,3581694,0
0.05827284,-0.3320887,-0.4752264,NORMAL,3581694,0
0.6484823,-0.11160147,2.2954617,NORMAL,3581695,0
1.2564957,0.51979375,-0.19493008,NORMAL,3581695,0
0.88845897,0.16919601,-1.8939242,NORMAL,3581696,0
0.2569821,-0.1243099,-0.49212742,NORMAL,3581697,0
-1.5508068,-0.7700404,0.22594357,NORMAL,3581697,0
0.53837967,-0.070819944,0.62034225,NORMAL,3581698,0
-2.2353997,-2.6225307,-1.3193178,NORMAL,3581698,1
0.34413934,0.25052288,1.1268444,NORMAL,3581699,1
0.6799526,-1.0601444,0.53286076,NORMAL,3581699,0
-0.49350238,-0.11575872,-0.28208447,NORMAL,3581700,0
0.18948174,-0.31755272,0.8786831,NORMAL,3581700,0
0.3959098,0.10250321,-0.1692133,NORMAL,3581701,0
-0.096042156,0.48772928,1.0719881,NORMAL,3581701,0
-2.1764052,-1.2252504,-1.2850323,NORMAL,3581702,1
-0.46546447,0.22124556,0.040905952,NORMAL,3581702,1
0.7124877,0.16797096,0.4198017,NORMAL,3581703,0
-0.32323945,0.11686492,0.6942129,NORMAL,3581704,0
-1.7656263,-0.37063468,-0.81250286,NORMAL,3581704,0
0.43888128,0.1629256,-0.43029308,NORMAL,3581705,0
0.6038188,0.08533296,-1.1062756,NORMAL,3581705,0
1.0584856,0.6238576,0.5060797,NORMAL,3581706,0
-2.5702531,0.123048544,-0.7402487,NORMAL,3581706,1
-0.5883533,-0.9125505,0.21210575,NORMAL,3581707,1
0.07427657,-0.023941457,-2.0929408,NORMAL,3581707,0
0.099351406,-0.3889095,-1.0395012,NORMAL,3581708,0
-0.99984616,0.22399685,0.6214533,NORMAL,3581708,0
-0.34422362,-1.0760529,-0.19764423,NORMAL,3581709,0
0.621945,0.2177471,-1.1412296,NORMAL,3581709,0
-0.15884256,-0.1278511,0.6959667,NORMAL,3581710,0
0.3085351,0.6690208,-0.93797684,NORMAL,3581711,0
0.13886309,0.06452134,-0.8004379,NORMAL,3581711,0
0.2125578,0.6613016,-0.030713081,NORMAL,3581712,0
-1.1739001,0.18183313,-0.30236626,NORMAL,3581712,0
0.16520143,0.08641583,-0.1563015,NORMAL,3581713,0
-0.74853444,-0.57277286,-0.30767536,NORMAL,3581713,0
-2.00992,-0.19262809,2.090355,NORMAL,3581714,1
-0.25980926,0.021986157,-0.6759405,NORMAL,3581714,1
-0.7795375,-0.8605159,0.26456738,NORMAL,3581715,0
0.072965264,-0.3128336,-0.99978065,NORMAL,3581715,0
-1.0269365,-0.109438896,0.23638153,NORMAL,3581716,0
-1.2551696,-0.35059828,-0.9256029,NORMAL,3581717,0
0.12499118,0.4009652,0.8791828,NORMAL,3581717,0
0.07858431,0.1679191,-0.37619972,NORMAL,3581718,0
-0.019195676,0.9062663,0.3053236,NORMAL,3581718,0
-0.954956,0.87926555,1.0859556,NORMAL,3581719,0
0.26113033,0.4742611,0.24414444,NORMAL,3581719,0
0.35154867,-0.63921416,1.028595,NORMAL,3581720,0
-0.63067853,-0.018778443,1.1798668,NORMAL,3581720,0
-0.030500889,0.30376703,-0.12136555,NORMAL,3581721,0
-1.289685,-0.115615636,-0.6661215,NORMAL,3581721,0
-0.30338907,-0.110931456,0.75951385,NORMAL,3581722,0
0.609426,0.66215885,0.17702007,NORMAL,3581722,0
1.2453699,0.24906662,0.6554985,NORMAL,3581723,0
-0.56093645,-0.30215263,0.0718565,NORMAL,3581724,0
-0.3489778,-0.13491347,-0.4414673,NORMAL,3581724,0
-0.9998747,0.10331097,0.87223244,NORMAL,3581725,0
-0.37709296,-0.07718876,-1.2471294,NORMAL,3581725,0
0.1658454,1.0683217,0.50558186,NORMAL,3581726,0
-0.50528693,-0.502498,0.50565624,NORMAL,3581726,0
0.54552734,0.3603191,0.1132288,NORMAL,3581727,0
0.56569004,0.19770347,0.19758415,NORMAL,3581727,0
-0.19473088,0.060111776,-0.48773098,NORMAL,3581728,0
-0.89525217,0.8138418,1.3427591,NORMAL,3581728,0
-1.1076754,0.102330625,-1.8241887,NORMAL,3581729,0
-0.16928744,-0.64861035,-1.5360737,NORMAL,3581729,0
-0.36941272,-1.0454613,-0.28684807,NORMAL,3581730,0
-0.18624103,0.15898281,-0.6796293,NORMAL,3581731,0
0.5912616,1.1605201,-0.3608141,NORMAL,3581731,0
0.30055654,0.8744776,-0.088121414,NORMAL,3581732,0
0.5082655,0.84723324,-0.53090954,NORMAL,3581732,0
0.46527594,0.9880246,0.1904707,NORMAL,3581733,0
1.6348356,0.8233796,2.6128063,NORMAL,3581733,0
0.27278423,-0.86840117,-0.07423782,NORMAL,3581734,0
0.14330971,0.3106379,0.2801876,NORMAL,3581734,0
0.22151637,-0.1322175,0.4552679,NORMAL,3581735,0
-0.87528354,-1.0349618,0.5895767,NORMAL,3581735,0
-0.52453035,-0.3676846,0.3343525,NORMAL,3581736,0
-1.1108165,-0.2950815,-1.0536289,NORMAL,3581736,0
0.11844677,0.29510713,0.58346844,NORMAL,3581737,0
-0.94268507,-0.82256925,-0.8420906,NORMAL,3581738,0
0.94948334,-0.252551,-0.29472733,NORMAL,3581738,0
-0.82633543,-2.0553443,0.0899601,NORMAL,3581739,0
-0.44769895,-0.23048991,0.4830513,NORMAL,3581739,0
-0.5651398,0.64710504,0.51699543,NORMAL,3581740,0
0.024288774,-0.37834877,-0.60439396,NORMAL,3581740,0
-0.8651426,-0.38633198,-0.55102444,NORMAL,3581741,0
0.6980934,0.26479465,-1.7547369,NORMAL,3581741,0
0.40509462,-0.8195543,-0.35784435,NORMAL,3581742,0
0.21581864,0.22475779,-1.1652632,NORMAL,3581742,0
0.7551739,1.2963527,0.66586876,NORMAL,3581743,0
-0.21097851,1.525346,0.14922905,NORMAL,3581743,0
-0.114616156,0.07744706,-1.0385275,NORMAL,3581744,0
0.3717258,0.83368415,1.327487,NORMAL,3581745,0
-1.2199274,-0.11093432,1.485364,NORMAL,3581745,0
-0.56600654,1.1734192,-0.20428085,NORMAL,3581746,0
-0.49220324,0.49415994,0.85974884,NORMAL,3581746,0
-0.4524958,0.18226802,-1.2338619,NORMAL,3581747,0
-0.03872633,1.104155,0.856987,NORMAL,3581747,0
0.5362265,-0.55118215,-0.8278637,NORMAL,3581748,0
1.5162001,-0.6167873,1.0262117,NORMAL,3581748,0
1.1926036,-0.30191213,-1.8018489,NORMAL,3581749,0
-0.111887455,-0.46296084,-1.6604362,NORMAL,3581749,0
-0.7728926,-0.437751,1.5766926,NORMAL,3581750,0
-1.6802438,-0.9497519,-0.7764807,NORMAL,3581751,0
-0.43703926,-0.30933052,-0.13240242,NORMAL,3581751,0
0.025582075,0.39271176,-1.7587295,NORMAL,3581752,0
-0.041906357,0.7844308,3.5297337,NORMAL,3581752,0
-0.44848144,0.6266706,-1.01122,NORMAL,3581753,0
0.3257618,0.28647316,0.06993866,NORMAL,3581753,0
0.21991014,0.44876638,-0.41668797,NORMAL,3581754,0
-0.7502197,-0.25288218,-0.22727203,NORMAL,3581754,0
0.45788026,-0.13255823,0.4550438,NORMAL,3581755,0
-0.86898947,-0.39067304,-0.4247551,NORMAL,3581755,0
-0.1644237,0.11209062,-0.5674658,NORMAL,3581756,0
0.12945437,-0.2682078,0.73834133,NORMAL,3581756,0
0.8975003,0.10565305,0.37861252,NORMAL,3581757,0
-0.11232734,0.08000988,0.900671,NORMAL,3581758,0
0.36923146,0.13370782,0.36629963,NORMAL,3581758,0
-0.04753065,-0.90254694,0.44817734,NORMAL,3581759,0
-1.434068,-0.23500597,-0.18689156,NORMAL,3581759,0
-0.719424,-0.31265676,-0.8474846,NORMAL,3581760,0
-0.02423501,0.7194964,0.18443394,NORMAL,3581760,0
-2.003489,-1.4315805,2.2115784,NORMAL,3581761,1
0.59080505,-0.81345344,1.5862103,NORMAL,3581761,1
-0.38942766,-0.8579493,0.27922153,NORMAL,3581762,0
-1.1717485,-1.6960604,0.3665352,NORMAL,3581762,0
-0.93708,-0.89317477,0.15616226,NORMAL,3581763,0
-2.6852078,-0.235533,0.9222088,NORMAL,3581763,1
-2.099313,-0.9967143,-0.11741924,NORMAL,3581764,1
-2.6120398,-0.025721729,-0.7405453,NORMAL,3581765,1
-0.7398677,1.3327417,0.316288,NORMAL,3581765,1
-1.1883842,-1.438625,0.029187202,NORMAL,3581766,0
-1.26089,-0.1453346,0.37160873,NORMAL,3581766,0
0.3511001,0.10805577,0.96119785,NORMAL,3581767,0
-0.4742744,-1.3817658,-1.1478577,NORMAL,3581767,0
0.26002562,2.7709599,2.0762053,NORMAL,3581768,0
0.43747294,-0.53117573,-2.804398,NORMAL,3581768,0
1.1599375,-0.07919885,-0.8431816,NORMAL,3581769,0
-0.0811069,-1.4759502,-1.6136904,NORMAL,3581769,0
-1.1152251,0.61241245,1.9047852,NORMAL,3581770,0
0.06557977,-0.18764496,-1.1468163,NORMAL,3581770,0
-1.1231012,-0.59272027,-0.14233017,NORMAL,3581771,0
1.0234836,0.9024394,-0.17984295,NORMAL,3581772,0
0.005556345,-0.07067929,0.57001305,NORMAL,3581772,0
0.0123307705,0.048851274,0.5468197,NORMAL,3581773,0
-0.07141042,0.2701403,0.5616617,NORMAL,3581773,0
0.73912287,0.43837807,0.19689083,NORMAL,3581774,0
0.12841725,-0.80596346,0.17331123,NORMAL,3581774,0
-0.38435006,-0.7979759,-0.7013798,NORMAL,3581775,0
0.56799436,-0.7635671,0.5392113,NORMAL,3581775,0
-0.30801678,0.29713914,-0.25716782,NORMAL,3581776,0
-0.07703292,-0.29111025,-0.104579926,NORMAL,3581776,0
-0.36783028,-0.111059666,0.5339279,NORMAL,3581777,0
0.62327254,-0.26485637,0.58876324,NORMAL,3581778,0
0.073449254,-0.7440124,0.2540903,NORMAL,3581778,0
0.4740256,0.541974,0.82694054,NORMAL,3581779,0
-0.11017203,-0.6860788,1.26155,NORMAL,3581779,0
0.30949104,0.32975072,0.5228138,NORMAL,3581780,0
-1.0162668,-0.20013869,0.2120018,NORMAL,3581780,0
0.90842676,-0.35964292,1.4169226,NORMAL,3581781,0
-0.099675655,-0.04836425,-0.19143581,NORMAL,3581781,0
-0.1801846,-0.3898878,-0.9060259,NORMAL,3581782,0
-1.9070683,-1.6033976,0.23925972,NORMAL,3581782,0
-0.510329,-0.7576237,1.0627623,NORMAL,3581783,0
-0.25521362,-0.012183666,-0.02837658,NORMAL,3581783,0
-0.25381076,0.79616594,-0.016641617,NORMAL,3581784,0
-0.376352,-0.76224595,-0.05592251,NORMAL,3581785,0
-0.9957027,-0.8332688,0.26573563,NORMAL,3581785,0
-0.27757055,-1.2646041,1.341999,NORMAL,3581786,0
-0.29910886,0.5342967,0.036729813,NORMAL,3581786,0
0.34876406,0.3460778,-0.12648582,NORMAL,3581787,0
-0.6136386,0.20602992,-0.31660557,NORMAL,3581787,0
0.22911942,1.1469812,-0.032381058,NORMAL,3581788,0
1.1726547,-0.108105354,-0.70246124,NORMAL,3581788,0
-0.3546877,-0.5180464,0.030934334,NORMAL,3581789,0
-0.3210932,-0.75217336,1.5790272,NORMAL,3581789,0
0.21408367,-0.5882675,0.10191727,NORMAL,3581790,0
0.6286851,0.04788199,0.12103939,NORMAL,3581790,0
0.1085875,-0.61211646,0.68674374,NORMAL,3581791,0
0.5604267,-1.2272356,0.7907982,NORMAL,3581792,0
-1.0127023,-0.47161663,0.9393177,NORMAL,3581792,0
-0.043752074,-0.022560418,0.20010757,NORMAL,3581793,0
-1.0208405,-0.3660627,0.53029346,NORMAL,3581793,0
0.16000628,0.6783377,-0.42264652,NORMAL,3581794,0
-0.018686056,0.32031968,0.02953434,NORMAL,3581794,0
0.12359834,0.401303,0.4672966,NORMAL,3581795,0
0.20924437,-0.30007708,-0.57656384,NORMAL,3581795,0
0.432822,0.4263416,0.56699276,NORMAL,3581796,0
-0.22298932,-0.22828063,-0.0022096634,NORMAL,3581796,0
-0.674546,-0.60552186,0.08272934,NORMAL,3581797,0
0.98295546,0.31632358,-0.82794,NORMAL,3581797,0
0.22900033,0.7271996,0.0050373077,NORMAL,3581798,0
-1.3153015,-0.94403034,-0.1368227,NORMAL,3581799,0
-0.39384413,0.2904355,-0.575861,NORMAL,3581799,0
-0.42821503,-0.40514922,0.2510023,NORMAL,3581800,0
0.5629624,1.0313348,-0.34222698,NORMAL,3581800,0
-0.31487644,-0.22420272,0.998991,NORMAL,3581801,0
0.076051235,-1.4867306,0.31640148,NORMAL,3581801,0
-0.33166504,0.31223968,0.33514595,NORMAL,3581802,0
0.11739051,-0.10811675,-0.6554594,NORMAL,3581802,0
0.40198743,-0.48926717,-0.2900381,NORMAL,3581803,0
0.10857141,-0.013837535,-0.86671925,NORMAL,3581803,0
0.20090139,-0.10922946,0.8869524,NORMAL,3581804,0
0.789613,0.71779513,0.39988708,NORMAL,3581805,0
-0.83912826,0.30953357,0.07212162,NORMAL,3581805,0
-0.085796356,-0.73327476,0.6632147,NORMAL,3581806,0
-0.5636817,-1.1530536,1.352561,NORMAL,3581806,0
-0.674605,-0.3781833,1.0126963,NORMAL,3581807,0
0.7489872,0.7775284,-0.6096058,NORMAL,3581807,0
-1.0490661,-0.8120072,-2.0410929,NORMAL,3581808,0
-0.6071586,2.0007071,-0.43111706,NORMAL,3581808,0
-0.6309858,-0.10072729,0.76296234,NORMAL,3581809,0
-0.23300362,-1.0755312,-0.061592102,NORMAL,3581809,0
-0.038929224,-0.6663336,0.30048084,NORMAL,3581810,0
0.14722526,0.69420284,-0.41985035,NORMAL,3581810,0
1.3341161,-0.1415723,1.4307556,NORMAL,3581811,0
0.5215554,0.13940394,0.5122814,NORMAL,3581812,0
-0.34894216,-0.3824355,-0.023623466,NORMAL,3581812,0
0.15516281,0.4742343,0.49960518,NORMAL,3581813,0
-0.4419073,0.3562544,0.006219864,NORMAL,3581813,0
0.04711628,-0.22506526,-0.002866745,NORMAL,3581814,0
-1.1028864,-0.11111134,0.38119888,NORMAL,3581814,0
-0.11131048,0.3503166,-0.39005184,NORMAL,3581815,0
0.2196424,0.54232514,0.010965347,NORMAL,3581815,0
-0.27052987,-0.44542545,0.22694683,NORMAL,3581816,0
-0.63782656,-0.27594423,-1.2295704,NORMAL,3581816,0
-0.094656944,-0.49301025,0.52759457,NORMAL,3581817,0
-0.3019601,-0.038541183,0.41344738,NORMAL,3581817,0
-0.02288413,0.58363044,-0.74947166,NORMAL,3581818,0
0.23692632,-0.276865,0.2469225,NORMAL,3581819,0
0.3152976,0.75909173,-0.5795202,NORMAL,3581819,0
-1.2082562,-0.8495319,1.6577206,NORMAL,3581820,0
-0.1164335,-0.51976025,0.83994484,NORMAL,3581820,0
0.36252725,-0.053932965,0.6794853,NORMAL,3581821,0
-0.20261514,0.7779546,-0.50951004,NORMAL,3581821,0
0.009883523,0.14232087,-1.1624146,NORMAL,3581822,0
0.3690449,-0.48629326,-0.5755768,NORMAL,3581822,0
-0.18870294,0.5075295,-0.8615732,NORMAL,3581823,0
0.62333333,0.075092286,-1.1520367,NORMAL,3581823,0
0.91260767,0.9850935,0.61280537,NORMAL,3581824,0
0.32245183,1.2059914,0.009819031,NORMAL,3581824,0
-1.1045842,-0.24214703,1.0593166,NORMAL,3581825,0
0.8107977,-0.51081455,-0.083945274,NORMAL,3581826,0
-0.7530563,-0.2903283,-0.37863255,NORMAL,3581826,0
-0.7432684,-1.4607712,-0.30356693,NORMAL,3581827,0
0.0018463135,-0.7699849,0.19917679,NORMAL,3581827,0
-0.379192,0.21507338,0.016971588,NORMAL,3581828,0
-0.3473251,0.0853177,-1.4288893,NORMAL,3581828,0
-0.6498811,-0.61566293,-0.5093584,NORMAL,3581829,0
0.495327,1.4617133,1.0320253,NORMAL,3581829,0
-0.50986385,-0.6987827,0.54555035,NORMAL,3581830,0
0.37059164,0.26664853,1.0558157,NORMAL,3581830,0
-0.6360992,-0.07805019,0.4503069,NORMAL,3581831,0
0.19709587,0.24788718,0.5003128,NORMAL,3581832,0
-0.77271616,-0.9636922,-0.36951733,NORMAL,3581832,0
0.6578007,-0.9359663,0.24252605,NORMAL,3581833,0
-1.4319603,-1.3797793,0.2412796,NORMAL,3581833,0
-0.020103335,-0.618818,-0.97738457,NORMAL,3581834,0
1.2799386,0.52942693,1.869875,NORMAL,3581834,0
0.2112279,0.013407722,-0.6874237,NORMAL,3581835,0
-0.72290814,0.13029355,-0.6044941,NORMAL,3581835,0
-0.28149903,-0.60329264,-0.6025686,NORMAL,3581836,0
-0.32566845,0.43022498,1.2657633,NORMAL,3581836,0
0.000631094,0.39010757,-0.8281784,NORMAL,3581837,0
1.2975018,0.03899914,2.526945,NORMAL,3581837,0
-0.64859545,0.6222975,-0.57079506,NORMAL,3581838,0
0.8033004,-0.20223112,-2.5266414,NORMAL,3581839,0
-0.5593376,0.5207645,-1.5903459,NORMAL,3581839,0
0.30440903,0.46616894,-0.74984837,NORMAL,3581840,0
-0.00793457,0.005592048,-1.5888295,NORMAL,3581840,0
-0.36268735,0.041207254,-0.6900797,NORMAL,3581841,0
-0.28960586,0.5059523,1.8830795,NORMAL,3581841,0
-0.88945293,-0.83640265,0.6699171,NORMAL,3581842,0
0.68453455,0.28842375,0.6040611,NORMAL,3581842,0
2.5089524,1.812119,-1.4902163,NORMAL,3581843,0
0.78901875,1.1138936,-1.5653076,NORMAL,3581843,0
0.29153407,0.10000637,0.2806492,NORMAL,3581844,0
0.7734021,0.6709324,-1.568533,NORMAL,3581844,0
-0.07163334,0.9764384,-0.26089287,NORMAL,3581845,0
-0.91495967,1.0541723,0.54934216,NORMAL,3581846,0
0.20794773,-0.43980244,0.7917261,NORMAL,3581846,0
0.89963675,-1.2510958,1.212842,NORMAL,3581847,0
0.06488228,0.17256615,-1.2715492,NORMAL,3581847,0
-0.029850483,-1.2884343,4.906192,NORMAL,3581848,0
1.5699337,0.19490254,1.7158489,NORMAL,3581848,0
0.040717363,-0.3426364,-0.5512476,NORMAL,3581849,0
-1.2269511,-0.5976982,-0.06204319,NORMAL,3581849,0
-0.7989179,-0.11568266,-0.28425312,NORMAL,3581850,0
0.462615,-0.32989752,1.3358593,NORMAL,3581850,0
-0.09727144,0.57977724,0.79787636,NORMAL,3581851,0
0.23294139,0.6971167,1.0552568,NORMAL,3581851,0
0.83166385,-0.07652971,-0.36061478,NORMAL,3581852,0
0.4358518,-0.6372194,0.55669403,NORMAL,3581853,0
0.2558267,0.3026677,0.5458555,NORMAL,3581853,0
-0.9075968,-1.2297766,1.8519249,NORMAL,3581854,0
-0.06473565,0.11134885,0.64242554,NORMAL,3581854,0
0.19034219,0.7464454,-2.0826454,NORMAL,3581855,0
0.11460757,-0.18059784,-0.26444912,NORMAL,3581855,0
-0.6445849,-1.5396824,0.26447392,NORMAL,3581856,0
0.15953517,0.8927524,-0.0153951645,NORMAL,3581856,0
-0.6067896,-1.0438714,-0.13830662,NORMAL,3581857,0
0.9169929,0.2217115,1.8149834,NORMAL,3581857,0
-1.0590467,-0.473343,-1.4633007,NORMAL,3581858,0
-1.812112,-0.2548878,0.0028066635,NORMAL,3581859,0
1.248816,0.29745567,0.5898886,NORMAL,3581859,0
-0.3742988,-0.6746378,0.48809624,NORMAL,3581860,0
0.553911,-0.741951,1.1762972,NORMAL,3581860,0
0.5328977,-0.2614141,0.32474327,NORMAL,3581861,0
0.29346967,-0.20122498,0.8656435,NORMAL,3581861,0
0.4756055,0.20784998,0.1974783,NORMAL,3581862,0
-0.55453396,-1.1656574,-0.37894535,NORMAL,3581862,0
-0.30489838,0.66455215,-0.3825922,NORMAL,3581863,0
1.357024,0.43891844,0.47256565,NORMAL,3581863,0
0.68505335,-0.11592513,0.93699646,NORMAL,3581864,0
0.9393575,0.58438843,-2.5390754,NORMAL,3581864,0
0.49633026,-0.20601207,-0.19851017,NORMAL,3581865,0
0.4516058,0.48230696,0.93057156,NORMAL,3581866,0
-0.55122447,-0.031457007,0.17109776,NORMAL,3581866,0
0.5645814,0.7544526,-0.3775301,NORMAL,3581867,0
-0.051659822,-0.3356244,0.16028595,NORMAL,3581867,0
-1.2352134,0.73405963,1.6423712,NORMAL,3581868,0
-1.1974677,0.4710648,-0.52852345,NORMAL,3581868,0
-0.724089,-0.20638904,-0.27505112,NORMAL,3581869,0
-0.0842123,-0.04938993,-0.75701046,NORMAL,3581869,0
-0.6744447,-0.14493942,-0.5986061,NORMAL,3581870,0
-0.24925208,0.68087757,0.2373066,NORMAL,3581870,0
0.8665528,-0.5200677,0.37991714,NORMAL,3581871,0
-0.64320636,-0.7320719,-0.34587574,NORMAL,3581871,0
-0.054543734,0.34203526,-0.19346905,NORMAL,3581872,0
-0.036085844,-0.14548215,-0.72836685,NORMAL,3581873,0
0.07778096,0.14447641,-0.34722233,NORMAL,3581873,0
0.20443249,-0.44846198,0.203331,NORMAL,3581874,0
-0.07967162,-0.37240738,-1.0803804,NORMAL,3581874,0
-0.22931421,-0.30673414,0.6236601,NORMAL,3581875,0
1.6583589,0.19247384,0.13265324,NORMAL,3581875,0
-0.31036663,-0.068618774,0.14906693,NORMAL,3581876,0
1.0894045,-0.59240294,-0.10585022,NORMAL,3581876,0
-0.27613664,-0.55357474,0.26590538,NORMAL,3581877,0
-0.04516661,0.3165699,0.40484715,NORMAL,3581877,0
0.9869417,-0.010799736,0.3902979,NORMAL,3581878,0
1.3781554,0.13707142,-0.9077711,NORMAL,3581878,0
1.4017797,-0.33752275,0.7875662,NORMAL,3581879,0
0.18587554,-0.12571466,-0.97267056,NORMAL,3581880,0
0.29148555,-0.14027604,-1.0908899,NORMAL,3581880,0
-1.325272,-0.4560146,-0.5985441,NORMAL,3581881,0
-0.058419347,-0.40330976,-0.83809376,NORMAL,3581881,0
0.93248606,-1.4718277,0.90140915,NORMAL,3581882,0
-0.72283673,-0.9780785,0.2658205,NORMAL,3581882,0
0.016498089,0.22365475,0.90029716,NORMAL,3581883,0
-0.07739544,0.3881409,-0.16351032,NORMAL,3581883,0
0.41235733,-0.24281716,-0.17994976,NORMAL,3581884,0
0.29378867,0.63656104,-0.09507275,NORMAL,3581884,0
0.27055347,0.47573295,-0.26959038,NORMAL,3581885,0
-0.37055242,-1.0120957,0.2917719,NORMAL,3581886,0
-0.23811936,0.62763774,1.4502983,NORMAL,3581886,0
0.22274315,-0.8273667,0.25972557,NORMAL,3581887,0
-0.4009421,0.35713506,0.11826229,NORMAL,3581887,0
0.44990587,0.5561523,-0.31680202,NORMAL,3581888,0
-0.41796756,1.2013156,-0.4601345,NORMAL,3581888,0
-0.6966207,-0.35035992,0.44728088,NORMAL,3581889,0
0.5598773,1.0532818,-0.29366112,NORMAL,3581889,0
0.5952276,0.7035109,0.7036028,NORMAL,3581890,0
-1.5372773,-0.0072003156,-0.8738785,NORMAL,3581890,0
0.09083426,-0.71478146,1.0165701,NORMAL,3581891,0
0.5029361,0.03971535,1.3790188,NORMAL,3581891,0
-0.20817196,0.91589415,0.84151363,NORMAL,3581892,0
-0.06735623,0.112042286,-1.1783543,NORMAL,3581893,0
-0.819084,-0.0071745217,-1.4083242,NORMAL,3581893,0
0.12722957,-0.83313066,0.3100481,NORMAL,3581894,0
0.73136485,-0.523913,-0.57374763,NORMAL,3581894,0
-0.06942606,-2.1235468,-0.15050602,NORMAL,3581895,0
0.5164496,0.2838661,0.34888554,NORMAL,3581895,0
-0.42937052,-0.032528177,0.0634985,NORMAL,3581896,0
0.611081,-0.33089286,-0.1867714,NORMAL,3581896,0
0.2733488,0.37539053,-0.33380508,NORMAL,3581897,0
0.4119799,0.24430086,-0.08350468,NORMAL,3581897,0
0.7059561,0.98366845,0.64850426,NORMAL,3581898,0
0.58627033,-0.41322398,0.7703209,NORMAL,3581898,0
-0.79241014,-0.4794762,-0.010928154,NORMAL,3581899,0
-0.20290077,-1.1505759,0.31783962,NORMAL,3581900,0
-0.06422377,-0.73578554,-0.6465864,NORMAL,3581900,0
1.271913,-0.09693989,0.19382381,NORMAL,3581901,0
1.5661707,0.6795253,0.41893196,NORMAL,3581901,0
1.6153026,-0.72035074,-0.4547453,NORMAL,3581902,0
-0.43961787,-0.09338666,-1.9841113,NORMAL,3581902,0
-0.14751601,0.40862948,-2.2102976,NORMAL,3581903,0
-1.2345526,0.23546207,-0.123518944,NORMAL,3581903,0
-0.17547059,-0.080326095,-0.004948616,NORMAL,3581904,0
1.1168303,0.29272595,0.33879948,NORMAL,3581904,0
1.2078149,-0.07834427,1.4586096,NORMAL,3581905,0
0.19444942,-0.0077255517,0.8419733,NORMAL,3581905,0
0.10776925,-0.19220549,-0.11547375,NORMAL,3581906,0
-0.32233548,-0.7038464,1.8271141,NORMAL,3581907,0
0.24665713,-0.1510436,-1.4692621,NORMAL,3581907,0
-1.1504489,0.19113836,-1.3396378,NORMAL,3581908,0
-0.22838187,-0.4724136,-0.19549751,NORMAL,3581908,0
1.3629549,-0.11204606,2.6271086,NORMAL,3581909,0
-0.1380055,0.06646913,0.27517128,NORMAL,3581909,0
1.3930573,-0.3099401,0.19795704,NORMAL,3581910,0
-1.0390513,-0.0018559396,-1.2418499,NORMAL,3581910,0
1.0892208,1.0866545,-0.13324451,NORMAL,3581911,0
-0.1809529,0.49053422,0.1965599,NORMAL,3581911,0
-0.17257702,0.70391554,0.3533783,NORMAL,3581912,0
0.16751683,0.44343358,1.7863369,NORMAL,3581913,0
0.3290348,-0.21074083,0.305295,NORMAL,3581913,0
-0.00056934357,0.41200978,-1.3426485,NORMAL,3581914,0
0.43549228,0.74645764,-0.91782284,NORMAL,3581914,0
1.1563863,0.83394015,-0.34696674,NORMAL,3581915,0
0.980603,-0.4627953,-0.8021641,NORMAL,3581915,0
1.2451155,0.41879752,-0.53468513,NORMAL,3581916,0
0.17771459,0.98906744,0.158185,NORMAL,3581916,0
0.58838177,0.34991443,-0.3020258,NORMAL,3581917,0
0.27177906,-0.3176977,-1.3043566,NORMAL,3581917,0
1.2970872,-0.289931,0.48964405,NORMAL,3581918,0
0.6208844,-0.23079026,-0.37490177,NORMAL,3581918,0
0.07816887,0.08086151,0.99902534,NORMAL,3581919,0
0.032126665,-1.4262593,0.34059143,NORMAL,3581920,0
-0.5744629,-1.6591148,-0.14958858,NORMAL,3581920,0
-0.29188764,-1.0415342,0.3373127,NORMAL,3581921,0
-0.22603464,-0.5312053,0.018574715,NORMAL,3581921,0
0.058799982,-0.80252695,0.37325382,NORMAL,3581922,0
-0.7985405,-0.42668962,-1.0020752,NORMAL,3581922,0
-0.53823745,-0.30945587,-0.0015459061,NORMAL,3581923,0
-0.5153528,0.3229189,-0.027294159,NORMAL,3581923,0
-0.42762697,0.2944883,0.10162735,NORMAL,3581924,0
-0.031713493,-0.08391827,-0.15555286,NORMAL,3581924,0
0.344795,-0.03533107,-0.075208664,NORMAL,3581925,0
0.8982495,0.028264463,-0.26040077,NORMAL,3581925,0
2.5152426,-1.4317896,0.3301115,NORMAL,3581926,0
0.66863656,-0.9365903,-0.8662405,NORMAL,3581927,0
0.093574286,0.75457877,-2.3041115,NORMAL,3581927,0
-0.3275652,-1.4359556,-0.73935795,NORMAL,3581928,0
-0.057436705,0.9079493,1.5271358,NORMAL,3581928,0
0.6734171,-2.16608,2.2836838,NORMAL,3581929,0
0.20289707,-0.65013266,-0.74814224,NORMAL,3581929,0
-0.5614152,-0.15944195,0.63160133,NORMAL,3581930,0
-0.91252375,-0.29998893,-0.71045685,NORMAL,3581930,0
-0.109808445,1.3911144,0.9050455,NORMAL,3581931,0
-1.922281,0.26151702,0.81701946,NORMAL,3581931,0
-0.63623285,1.1276133,-0.5098686,NORMAL,3581932,0
-1.6712124,0.101218164,1.5529861,NORMAL,3581932,0
-0.907002,-1.1735969,0.6423836,NORMAL,3581933,0
-1.9098209,0.16365415,-0.09655571,NORMAL,3581934,0
-1.0430788,-0.26890445,1.0764198,NORMAL,3581934,0
-0.7651744,-0.5213484,-0.060153008,NORMAL,3581935,0
-0.400496,-0.5043357,-0.6483774,NORMAL,3581935,0
-0.20211792,-1.3634696,0.6128807,NORMAL,3581936,0
0.50870955,-2.3056333,1.3682127,NORMAL,3581936,0
-0.5754907,-0.6420709,0.29804993,NORMAL,3581937,0
0.1607877,0.026787877,-0.04210186,NORMAL,3581937,0
0.5972079,0.01051259,-0.18875217,NORMAL,3581938,0
-0.36864388,-0.08297765,-0.11356926,NORMAL,3581938,0
0.18407774,0.6053978,0.79770756,NORMAL,3581939,0
0.3320011,1.0934865,0.24692535,NORMAL,3581940,0
-1.0740231,0.49058187,1.1653833,NORMAL,3581940,0
-0.14754963,0.17769188,-0.24219131,NORMAL,3581941,0
1.0301888,0.40738815,0.070752144,NORMAL,3581941,0
1.095551,1.1317163,-0.3211527,NORMAL,3581942,0
0.1641891,0.006551087,0.24252892,NORMAL,3581942,0
-0.564914,0.6863041,0.37143898,NORMAL,3581943,0
0.4898994,1.1407373,-0.11038113,NORMAL,3581943,0
-0.048973083,0.7001127,-0.06347942,NORMAL,3581944,0
0.031963706,0.80641913,0.46327877,NORMAL,3581944,0
-0.71170926,0.41846478,-0.83405304,NORMAL,3581945,0
0.12218666,-0.34776318,0.0024223328,NORMAL,3581945,0
-0.41870224,0.05317104,2.2214575,NORMAL,3581946,0
-1.6376058,-1.5124228,0.1487503,NORMAL,3581947,0
0.14603937,-0.3773564,0.24803829,NORMAL,3581947,0
-1.0438817,-2.3658812,2.9794712,NORMAL,3581948,0
1.3606005,-3.578845,0.86953163,NORMAL,3581948,0
-1.4628837,-0.8647557,0.4906807,NORMAL,3581949,0
-1.8697839,0.478813,-0.8221798,NORMAL,3581949,0
-0.51804364,-0.6185088,0.60442543,NORMAL,3581950,0
-1.7938365,-1.7622671,0.47893333,NORMAL,3581950,0
-0.15272486,-0.893272,-0.40758514,NORMAL,3581951,0
-0.5546738,-0.798226,0.4517107,NORMAL,3581951,0
-0.8512211,-2.446064,0.3300352,NORMAL,3581952,0
-0.5101371,-1.2260644,0.9339285,NORMAL,3581952,0
0.4568373,-0.2875158,-0.20781326,NORMAL,3581953,0
-0.13855004,-0.058543324,-0.5648413,NORMAL,3581954,0
0.284276,0.47457635,0.3851347,NORMAL,3581954,0
1.5990479,0.38366675,0.85644627,NORMAL,3581955,0
0.62328863,0.20398295,0.350832,NORMAL,3581955,0
1.4427435,-0.1261189,-1.7974648,NORMAL,3581956,0
1.4641161,0.7626747,-0.62368965,NORMAL,3581956,0
0.4488585,-1.7443461,0.5654316,NORMAL,3581957,0
-0.07701111,-0.92430186,0.24703026,NORMAL,3581957,0
0.1374228,0.11220431,-0.15169334,NORMAL,3581958,0
0.41126227,0.94552314,-0.24467468,NORMAL,3581958,0
0.14207673,-0.37121624,0.5190573,NORMAL,3581959,0
-0.5569669,-0.80011284,1.2094545,NORMAL,3581959,0
-0.19993865,0.43333232,-1.6276379,NORMAL,3581960,0
-0.38921416,-1.069015,-0.57050514,NORMAL,3581961,0
0.4732579,0.34051347,0.37805557,NORMAL,3581961,0
0.29319298,0.19268191,0.14567757,NORMAL,3581962,0
-1.072531,-0.83113647,0.284482,NORMAL,3581962,0
0.117099285,1.1964908,0.15334225,NORMAL,3581963,0
0.036445856,-0.47728482,-0.59800434,NORMAL,3581963,0
0.09764075,-0.5201133,-0.45720482,NORMAL,3581964,0
-0.034880042,-0.34203875,0.36145973,NORMAL,3581964,0
0.3321674,-0.08323842,0.16269875,NORMAL,3581965,0
0.10158324,-0.40463877,-0.07546139,NORMAL,3581965,0
-0.11293006,0.38940006,0.51004505,NORMAL,3581966,0
-0.5971999,1.0624743,-0.18441868,NORMAL,3581967,0
0.52147114,0.5292369,0.43230915,NORMAL,3581967,0
0.71410704,1.6791232,0.6327362,NORMAL,3581968,0
-0.8954813,0.6466949,-0.8552408,NORMAL,3581968,0
-1.1214677,1.2292928,-0.5646105,NORMAL,3581969,0
-0.26859748,-0.38817632,-0.84255505,NORMAL,3581969,0
-0.36955535,-0.77380395,-0.33473873,NORMAL,3581970,0
0.19427443,0.45668578,0.23287392,NORMAL,3581970,0
-0.3366214,1.2297982,1.1876631,NORMAL,3581971,0
0.50029635,1.0094546,0.0069799423,NORMAL,3581971,0
0.14944553,1.7533877,-0.14399147,NORMAL,3581972,0
-0.2985816,1.024201,1.3749132,NORMAL,3581972,0
-1.9584488,-2.573743,1.909379,NORMAL,3581973,0
0.04413879,-1.7667391,1.9661274,NORMAL,3581974,0
0.59396553,-0.051578224,-2.7402616,NORMAL,3581974,0
-0.71120703,-0.08914128,0.61780643,NORMAL,3581975,0
1.102657,-0.14257756,-0.9020567,NORMAL,3581975,0
-0.3029871,-0.59020543,-0.70291233,NORMAL,3581976,0
-0.4702406,-0.5613532,-0.5663576,NORMAL,3581976,0
-0.41078174,-0.892748,-0.2838564,NORMAL,3581977,0
0.16291046,-0.15430644,-2.1830459,NORMAL,3581977,0
0.19354117,0.034735143,-0.39703178,NORMAL,3581978,0
-0.45881522,0.069915324,0.38235092,NORMAL,3581978,0
-0.36224866,1.3725277,-0.6459875,NORMAL,3581979,0
-1.907216,0.15964231,1.862299,NORMAL,3581979,0
-0.50686955,1.3351102,-0.9131155,NORMAL,3581980,0
-1.0642374,-0.6184949,-0.08961487,NORMAL,3581981,0
-0.69829106,0.26956436,-1.0594797,NORMAL,3581981,0
-0.6101984,-0.8844038,-0.224679,NORMAL,3581982,0
0.77752566,0.30503777,1.6295185,NORMAL,3581982,0
0.73080754,0.26767406,0.98848915,NORMAL,3581983,0
1.4776874,1.4848181,-0.047616005,NORMAL,3581983,0
-0.41681814,-1.2963747,-0.5194626,NORMAL,3581984,0
0.22266197,1.7707328,0.23716831,NORMAL,3581984,0
0.5108726,0.43023238,-0.25705528,NORMAL,3581985,0
2.0136995,0.54507196,-0.8096447,NORMAL,3581985,0
1.0519447,-0.15959644,-0.04487419,NORMAL,3581986,0
-0.40830684,0.38051003,0.9647474,NORMAL,3581986,0
1.2436733,-0.35952988,0.5658617,NORMAL,3581987,0
1.505762,-0.2035577,-1.0935163,NORMAL,3581988,0
1.0619525,0.005475968,-0.8173933,NORMAL,3581988,0
0.51174486,-0.90884984,0.15187073,NORMAL,3581989,0
1.7384689,1.3155266,-0.30425358,NORMAL,3581989,0
-0.09929919,0.29797715,-0.5035467,NORMAL,3581990,0
1.9839971,1.205527,1.1677351,NORMAL,3581990,0
1.9405804,-2.1030433,0.547719,NORMAL,3581991,0
0.7891383,-0.64093125,-0.3833294,NORMAL,3581991,0
1.0810113,-0.40784103,0.61438847,NORMAL,3581992,0
-0.12201643,-1.9112821,-0.6814165,NORMAL,3581992,0
-0.6472831,-1.3982311,-0.5331373,NORMAL,3581993,0
-0.5857099,-1.6328287,0.092811584,NORMAL,3581994,0
-0.5347477,-0.04429859,-0.19120693,NORMAL,3581994,0
0.7335012,1.1490476,0.5113716,NORMAL,3581995,0
0.3121524,0.71033704,-0.7624264,NORMAL,3581995,0
0.5666568,2.3416188,1.5069828,NORMAL,3581996,0
-0.6274482,0.19800434,0.8199158,NORMAL,3581996,0
0.40572643,1.6957283,-0.87206745,NORMAL,3581997,0
-0.16157699,0.3820323,-0.26260662,NORMAL,3581997,0
-0.1201148,1.3009232,-0.08199215,NORMAL,3581998,0
-1.0512913,0.5723382,-0.08485794,NORMAL,3581998,0
0.23967695,0.2552844,-2.34524,NORMAL,3581999,0
-0.8772129,-0.0959194,-0.33966827,NORMAL,3581999,0
-0.7303902,0.6445043,0.21889114,NORMAL,3582000,0
-0.2617097,0.88043594,-0.5672054,NORMAL,3582001,0
-0.5680224,0.43675834,0.7887192,NORMAL,3582001,0
-0.4389205,1.0478426,-0.13157749,NORMAL,3582002,0
-1.4025836,-0.120562255,-0.05661106,NORMAL,3582002,0
-0.6899687,-0.7805097,0.808527,NORMAL,3582003,0
0.074970484,0.4689448,-1.2825317,NORMAL,3582003,0
0.6682217,0.3344247,0.16899967,NORMAL,3582004,0
0.26713026,-0.11490896,0.62590027,NORMAL,3582004,0
-0.24455321,1.0023086,-0.05278206,NORMAL,3582005,0
-1.2424328,0.15371498,-0.20565033,NORMAL,3582005,0
0.06470144,-0.1331925,-0.40623283,NORMAL,3582006,0
-1.3918254,1.0933129,0.7494955,NORMAL,3582006,0
-0.19991648,0.20212922,0.044683456,NORMAL,3582007,0
-1.8096787,-1.4094648,-0.33883476,NORMAL,3582008,0
0.2573502,0.6867457,-1.031743,NORMAL,3582008,0
0.6500881,0.3196152,0.86803246,NORMAL,3582009,0
0.5868373,-0.1069407,0.82673454,NORMAL,3582009,0
0.45173407,0.40016013,0.20748901,NORMAL,3582010,0
0.42225385,0.09699651,-0.45035076,NORMAL,3582010,0
-1.4236269,1.3405201,0.5310621,NORMAL,3582011,0
0.083128214,-0.3606336,-0.83594036,NORMAL,3582011,0
0.46420074,-0.13835078,-0.5917263,NORMAL,3582012,0
0.15442705,-0.11684701,0.20349026,NORMAL,3582012,0
1.1042683,-0.26806283,-0.0051994324,NORMAL,3582013,0
0.7303755,-0.16196689,-0.120209694,NORMAL,3582013,0
-1.1225946,-0.2505605,3.2046804,NORMAL,3582014,0
-0.9048624,0.32294068,0.58187294,NORMAL,3582015,0
0.10470843,1.0605251,-0.6725807,NORMAL,3582015,0
-1.1202767,-0.21340388,-0.2765131,NORMAL,3582016,0
-0.09445393,0.32861355,0.23159695,NORMAL,3582016,0
0.1194942,0.42191732,-2.941308,NORMAL,3582017,0
0.6549158,-1.3212717,1.4578304,NORMAL,3582017,0
0.62814736,0.41262424,-0.8723793,NORMAL,3582018,0
-1.3559704,-0.49677557,-0.05106449,NORMAL,3582018,0
-0.4965049,-1.188516,0.7320461,NORMAL,3582019,0
0.43291163,0.30135986,-0.7893591,NORMAL,3582019,0
-0.10511792,1.4142807,-0.16216755,NORMAL,3582020,0
-0.8588588,-1.1355108,1.3569937,NORMAL,3582021,0
-0.27617753,0.17150798,-1.5976753,NORMAL,3582021,0
0.08783007,1.1496153,0.27871227,NORMAL,3582022,0
-0.4551549,-0.6998178,-0.32614422,NORMAL,3582022,0
0.38235486,1.0229706,0.11377239,NORMAL,3582023,0
0.72677374,1.2622215,1.5543547,NORMAL,3582023,0
-0.07755399,0.72378516,0.8091717,NORMAL,3582024,0
-1.527012,-0.93309855,-0.9632015,NORMAL,3582024,0
-0.48635638,-0.5146767,-1.2740908,NORMAL,3582025,0
-0.2045176,-0.64454436,0.71335506,NORMAL,3582025,0
-0.5347866,-0.16872129,-0.6818819,NORMAL,3582026,0
-0.33960938,0.5172755,2.2816706,NORMAL,3582026,0
-0.9550553,-0.5986079,-1.9445143,NORMAL,3582027,0
0.17454004,1.7030935,2.532301,NORMAL,3582028,0
-0.5997513,-0.47478628,-0.670413,NORMAL,3582028,0
-0.27337277,-0.21228379,0.95430946,NORMAL,3582029,0
0.5802932,-0.62733674,1.7544193,NORMAL,3582029,0
2.250085,-0.014035612,-1.3901253,NORMAL,3582030,0
-0.25195587,0.81330407,2.6939526,NORMAL,3582030,0
0.35046136,-0.1214817,1.9397297,NORMAL,3582031,0
-0.60097635,-0.24566996,-1.6826358,NORMAL,3582031,0
3.7569857,3.6508338,2.1107512,NORMAL,3582032,0
-1.9500135,0.64677984,4.57467,NORMAL,3582032,0
-0.13473308,-0.044433787,-1.0820408,NORMAL,3582033,0
1.2748727,-0.6735805,3.3466845,NORMAL,3582033,0
-0.015871167,-0.021241963,-0.91573524,NORMAL,3582034,0
2.397728,-0.9538002,-0.21767521,NORMAL,3582035,0
-0.63585943,-0.05680068,-0.010400772,NORMAL,3582035,0
-1.6916411,-0.2929803,0.77341175,NORMAL,3582036,0
-0.6686629,-0.11819438,-0.5207367,NORMAL,3582036,0
-1.1386957,-0.70819426,0.5322027,NORMAL,3582037,0
0.20467746,0.16735001,-0.8474455,NORMAL,3582037,0
-0.52797174,0.7152174,0.5639219,NORMAL,3582038,0
0.5231525,-0.056920998,-0.8040571,NORMAL,3582038,0
2.0298438,0.13727665,1.8362999,NORMAL,3582039,0
0.3604846,0.25094134,-0.76760674,NORMAL,3582039,0
0.4212333,-0.20362586,1.0210276,NORMAL,3582040,0
0.98566043,-0.15524942,1.4816561,NORMAL,3582040,0
0.8245877,-1.3209407,-0.98717594,NORMAL,3582041,0
0.6011497,-0.17144257,-0.17508602,NORMAL,3582042,0
-0.5805845,0.12290129,-0.5157614,NORMAL,3582042,0
-0.52027,-0.90540755,-0.13289642,NORMAL,3582043,0
-0.81705,-0.7115064,-1.5054827,NORMAL,3582043,0
-0.21791315,1.4503697,-1.1229887,NORMAL,3582044,0
0.11096501,1.0730537,-1.1119652,NORMAL,3582044,0
1.8904705,2.2008758,0.9779663,NORMAL,3582045,0
0.7855171,0.4843234,-0.9157553,NORMAL,3582045,0
1.6378938,0.58769655,0.65379524,NORMAL,3582046,0
0.8674443,1.1268228,0.16815472,NORMAL,3582046,0
0.6279856,-0.14139277,-1.0604191,NORMAL,3582047,0
1.5100772,-0.4309082,-0.22056484,NORMAL,3582048,0
0.8548124,1.3337214,0.60793304,NORMAL,3582048,0
0.69153607,0.4618103,-0.8381233,NORMAL,3582049,0
1.3582189,0.71492285,-0.48682976,NORMAL,3582049,0
-1.1532524,-0.8735768,-1.1924944,NORMAL,3582050,0
0.79808545,0.55775005,0.10797596,NORMAL,3582050,0
-1.0898349,-0.7003213,-0.7831478,NORMAL,3582051,0
-0.8431822,-0.71912116,-0.7299757,NORMAL,3582051,0
0.10569739,-0.0071522593,0.39944935,NORMAL,3582052,0
-0.36718607,-0.12307185,-0.49077606,NORMAL,3582052,0
0.8454958,0.2954898,0.64716053,NORMAL,3582053,0
-0.10324788,-0.50328356,-0.6127205,NORMAL,3582053,0
0.59498405,1.5135759,0.4396677,NORMAL,3582054,0
-1.0138967,-0.13718832,1.4755201,NORMAL,3582055,0
-1.2283206,-0.920075,0.64609146,NORMAL,3582055,0
0.83114886,-0.43093342,-2.008409,NORMAL,3582056,0
0.67128694,-0.6592539,-0.3431692,NORMAL,3582056,0
-1.0148406,0.4439211,0.06066513,NORMAL,3582057,0
0.46640944,-0.3154415,0.2762413,NORMAL,3582057,0
-0.24198997,-0.812726,-0.85294724,NORMAL,3582058,0
0.14589524,-0.9097456,1.3000374,NORMAL,3582058,0
-0.4868939,-0.30482137,-1.545033,NORMAL,3582059,0
-0.03621888,0.47531736,-0.97916794,NORMAL,3582059,0
-0.6087843,-0.7126066,0.38837814,NORMAL,3582060,0
0.4197464,-0.2435649,-0.49759674,NORMAL,3582060,0
0.24421191,-0.120862424,0.68965054,NORMAL,3582061,0
1.31793,-0.4319393,-0.80733395,NORMAL,3582062,0
0.3231926,-0.12045938,0.4704485,NORMAL,3582062,0
0.905571,0.31259358,0.6354456,NORMAL,3582063,0
0.32792473,1.586259,-0.96467495,NORMAL,3582063,0
0.79440093,0.82019806,-0.31635666,NORMAL,3582064,0
-0.16548514,0.459767,-0.5085716,NORMAL,3582064,0
0.29052234,-0.7190565,0.5825901,NORMAL,3582065,0
-1.6387607,-0.5999723,-0.2410202,NORMAL,3582065,0
0.43029237,-0.33153903,-1.6048036,NORMAL,3582066,0
0.46764922,-0.47108352,0.19433212,NORMAL,3582066,0
-0.116416216,0.9268086,-0.18876457,NORMAL,3582067,0
0.8679004,0.118328124,0.6506748,NORMAL,3582067,0
-0.1332047,-0.5995698,0.013736725,NORMAL,3582068,0
0.19484568,0.24037611,-0.78142357,NORMAL,3582069,0
-0.40728128,0.6453661,2.315651,NORMAL,3582069,0
-0.73033774,0.20964792,0.4177599,NORMAL,3582070,0
0.8954891,-0.83327025,0.41571903,NORMAL,3582070,0
1.0090055,0.30053306,-0.71794415,NORMAL,3582071,0
0.5581958,0.8929088,-0.25698948,NORMAL,3582071,0
0.5602474,-0.22135934,-0.086488724,NORMAL,3582072,0
0.47908497,0.38714778,-0.7422972,NORMAL,3582072,0
-0.50782526,0.30959845,-1.389576,NORMAL,3582073,0
-0.060619116,1.0383645,-0.39978218,NORMAL,3582073,0
0.59433246,0.46698895,0.2372675,NORMAL,3582074,0
-0.8900999,-0.009154111,0.36369514,NORMAL,3582075,0
-0.67011786,-0.21124357,-0.325428,NORMAL,3582075,0
-1.7863259,0.79657066,1.183816,NORMAL,3582076,0
-1.0028317,-0.084103316,0.4748087,NORMAL,3582076,0
-0.4526453,0.49958548,-0.49088192,NORMAL,3582077,0
-0.07169247,-0.28469113,0.5647507,NORMAL,3582077,0
0.58441234,-0.52870065,1.2217693,NORMAL,3582078,0
0.1596303,-0.7554307,-0.39417076,NORMAL,3582078,0
0.092927694,-0.8327563,0.18917656,NORMAL,3582079,0
-0.8215089,-0.32282507,0.29121017,NORMAL,3582079,0
0.35149574,-0.34734565,-2.4485507,NORMAL,3582080,0
-0.7623832,-0.43211946,1.7195873,NORMAL,3582080,0
-0.33733845,-0.31745636,-0.37869263,NORMAL,3582081,0
0.51055336,-0.25113255,-0.5972948,NORMAL,3582082,0
-0.6556679,0.5094374,-0.25769043,NORMAL,3582082,0
-0.63969946,0.5637192,1.2456675,NORMAL,3582083,0
-1.1193348,-1.4371053,-0.10742664,NORMAL,3582083,0
-0.4099896,0.5615181,0.46254063,NORMAL,3582084,0
-0.02943039,-0.7633216,0.18542194,NORMAL,3582084,0
0.42658544,1.0920073,-0.6886234,NORMAL,3582085,0
0.18511248,-0.23636219,-1.0988274,NORMAL,3582085,0
0.12978458,-0.5995035,-0.24102402,NORMAL,3582086,0
-0.45800614,0.5623195,1.1313906,NORMAL,3582086,0
0.503247,0.36993837,0.297884,NORMAL,3582087,0
1.0279665,1.0395252,0.17161465,NORMAL,3582087,0
0.038298607,0.666308,0.2601738,NORMAL,3582088,0
-1.1188501,-1.2311845,-0.55656147,NORMAL,3582089,0
-0.22195911,-0.31998622,-0.50460243,NORMAL,3582089,0
0.54879665,-0.37316918,-0.077542305,NORMAL,3582090,0
1.495372,0.41174608,1.1210136,NORMAL,3582090,0
-0.7531837,-2.0831609,-1.6527739,NORMAL,3582091,0
0.7933061,-0.03100735,-1.3851261,NORMAL,3582091,0
0.756737,0.92165613,0.76568985,NORMAL,3582092,0
-0.43991983,-0.23827341,-1.781662,NORMAL,3582092,0
-0.23911238,-0.400227,-0.49924755,NORMAL,3582093,0
0.6239016,-0.108246446,-0.3584547,NORMAL,3582093,0
-0.22850895,-1.3808988,-0.19467449,NORMAL,3582094,0
0.46897292,-1.452389,0.040403366,NORMAL,3582094,0
1.9563429,-0.29397064,0.5665693,NORMAL,3582095,0
2.1643002,0.7976549,0.7313318,NORMAL,3582096,0
2.0184214,0.16285774,1.730339,NORMAL,3582096,0
1.7246594,0.73781955,-0.32675552,NORMAL,3582097,0
0.48609018,0.8804449,-3.5061235,NORMAL,3582097,0
0.16987205,2.0486767,0.2231245,NORMAL,3582098,0
-0.65288925,1.0186276,-2.8111267,NORMAL,3582098,0
-0.68940973,1.1755192,1.1365519,NORMAL,3582099,0
-0.7485621,1.5032233,1.4432259,NORMAL,3582099,0
0.21232653,-0.24063233,-1.2898674,NORMAL,3582100,0
-0.7293618,-0.7353765,-1.0049925,NORMAL,3582100,0
-0.69117785,0.43520227,0.8746109,NORMAL,3582101,0
-1.3314061,-0.6831166,0.52373505,NORMAL,3582102,0
-0.32146192,0.13128099,0.20300865,NORMAL,3582102,0
0.07925987,0.15681759,-0.5509596,NORMAL,3582103,0
-1.1942157,0.52881664,3.1850185,NORMAL,3582103,0
-2.3113582,-1.0247687,-1.4662175,NORMAL,3582104,1
0.18507719,0.5494617,-0.1304617,NORMAL,3582104,1
-0.106411934,0.9484594,0.32917404,NORMAL,3582105,0
-0.84288025,-0.029188022,-0.28119278,NORMAL,3582105,0
-0.29205978,0.459046,-0.5545111,NORMAL,3582106,0
0.16410732,-0.37331712,-0.6734915,NORMAL,3582106,0
1.0498002,0.9012263,0.94488144,NORMAL,3582107,0
-0.0357399,-0.5789006,-0.6577425,NORMAL,3582107,0
0.37119794,-0.3618141,1.0585642,NORMAL,3582108,0
-0.11530566,0.64735144,-0.14977074,NORMAL,3582109,0
0.15241456,1.7383956,2.039012,NORMAL,3582109,0
0.963099,0.19402307,0.5767851,NORMAL,3582110,0
-0.5420327,-0.8160091,-0.074822426,NORMAL,3582110,0
-0.7264255,-1.2301133,-0.7528515,NORMAL,3582111,0
0.05282259,-0.22881794,0.33722782,NORMAL,3582111,0
-0.0049700737,0.4641918,0.31987,NORMAL,3582112,0
0.28078532,0.090051174,0.5915613,NORMAL,3582112,0
-0.13595057,0.18745938,-0.9081478,NORMAL,3582113,0
2.3441248,0.5040796,1.712429,NORMAL,3582113,0
1.3173828,-0.42055646,-0.26205635,NORMAL,3582114,0
1.6161833,2.1215892,1.5223227,NORMAL,3582114,0
-0.24895692,-0.8105042,-0.21813583,NORMAL,3582115,0
-0.41124964,-1.452285,1.0913582,NORMAL,3582116,0
0.9928241,2.514796,0.7272358,NORMAL,3582116,0
-1.8767126,-2.0262408,0.7123985,NORMAL,3582117,0
0.4097569,2.1200528,1.7623367,NORMAL,3582117,0
-2.416565,-0.56537867,2.4046516,NORMAL,3582118,1
-1.1985048,0.34475386,2.8179007,NORMAL,3582118,1
-1.5792127,-1.9549663,-1.5891519,NORMAL,3582119,0
-1.9554365,1.7916133,1.8051109,NORMAL,3582119,0
-1.5841078,1.0412526,1.6226139,NORMAL,3582120,0
-2.686767,-0.26607314,3.078846,NORMAL,3582120,1
-1.1233793,-0.67834413,0.13965702,NORMAL,3582121,1
-1.3444215,-1.1193674,0.3604355,NORMAL,3582121,0
-1.1761224,-0.77823186,0.696002,NORMAL,3582122,0
-1.7316601,-0.95038414,-0.10813236,NORMAL,3582123,0
-1.6344773,-0.6447441,1.2066822,NORMAL,3582123,0
-1.6454118,-1.4659209,1.3414555,NORMAL,3582124,0
-1.642293,-0.60170686,-1.2671633,NORMAL,3582124,0
-0.789094,-0.043475434,-0.723526,NORMAL,3582125,0
-0.98752,-0.092484735,-0.3178196,NORMAL,3582125,0
0.41738105,-0.01581563,-0.22362709,NORMAL,3582126,0
-0.9060594,0.5228156,-0.97780037,NORMAL,3582126,0
-1.1143024,1.2803574,-0.3092413,NORMAL,3582127,0
-1.3889589,-0.5083616,-0.31637955,NORMAL,3582127,0
-1.1750665,-0.7127226,-0.008698463,NORMAL,3582128,0
-1.4542642,0.43722063,0.43524933,NORMAL,3582129,0
-1.0264989,-0.7705251,-0.5992422,NORMAL,3582129,0
1.3039691,1.4073642,2.2061892,NORMAL,3582130,0
-1.6434488,-0.1535056,0.85464096,NORMAL,3582130,0
0.08744979,0.71516687,0.815217,NORMAL,3582131,0
-0.60225725,-0.46419936,-0.5116806,NORMAL,3582131,0
-0.13324142,0.33982992,0.84988594,NORMAL,3582132,0
0.2156558,-0.058944494,-0.30220318,NORMAL,3582132,0
0.74117136,0.9396384,-0.53837204,NORMAL,3582133,0
-0.8237213,-0.1829179,0.70534706,NORMAL,3582133,0
0.27563393,0.8602148,-0.18126011,NORMAL,3582134,0
-0.5688418,0.33157626,-0.09989452,NORMAL,3582134,0
0.2837305,0.5471759,0.0992012,NORMAL,3582135,0
0.14793992,0.41691452,0.33879566,NORMAL,3582136,0
-0.24687171,0.18966982,0.21728802,NORMAL,3582136,0
-1.3046564,0.894517,-0.3625164,NORMAL,3582137,0
-1.7185764,-0.21150875,-1.0614395,NORMAL,3582137,0
-1.7594755,-0.8770875,-0.6062031,NORMAL,3582138,0
-0.74889266,0.29039565,0.06093216,NORMAL,3582138,0
0.60336876,1.5125134,-0.81393814,NORMAL,3582139,0
-0.30998766,1.1479033,-0.43719196,NORMAL,3582139,0
1.6197045,0.18361342,-0.2315979,NORMAL,3582140,0
0.41171062,-0.1767698,-0.6245642,NORMAL,3582140,0
0.7001283,0.07888436,0.43874168,NORMAL,3582141,0
0.4987948,0.4043907,-0.39393997,NORMAL,3582141,0
0.5609641,0.7526165,-0.6458597,NORMAL,3582142,0
0.1784277,0.11691794,0.05216503,NORMAL,3582143,0
0.8763585,-0.65751237,0.43100452,NORMAL,3582143,0
1.0290716,-1.0598958,2.4363527,NORMAL,3582144,0
1.2787864,0.53546023,0.036623955,NORMAL,3582144,0
0.8211496,-0.29855976,0.5797281,NORMAL,3582145,0
-0.48321033,0.1946895,-0.26091957,NORMAL,3582145,0
0.18583965,-0.009531289,0.6730442,NORMAL,3582146,0
0.43719864,-0.60542566,1.2027025,NORMAL,3582146,0
0.8248074,0.4792506,-0.5962744,NORMAL,3582147,0
-0.7552192,-0.271029,0.19511223,NORMAL,3582147,0
0.2688098,0.43664575,0.5243044,NORMAL,3582148,0
0.25881934,-0.21497312,0.944047,NORMAL,3582148,0
-0.093703985,-1.5082253,0.5504761,NORMAL,3582149,0
-0.3516302,-0.22719339,-0.22546387,NORMAL,3582150,0
-0.005416155,0.57293844,0.10253048,NORMAL,3582150,0
1.0038338,-0.63604915,0.08699608,NORMAL,3582151,0
0.70077014,-0.43521798,-0.21644688,NORMAL,3582151,0
0.64851165,-0.14566678,0.3037138,NORMAL,3582152,0
0.3094206,0.33549526,0.0735445,NORMAL,3582152,0
-0.12817478,-0.4488916,0.7418976,NORMAL,3582153,0
0.012827158,-0.66252506,-1.0770645,NORMAL,3582153,0
0.13339996,-0.37381345,0.24953175,NORMAL,3582154,0
-0.6126785,0.0809478,-1.1274443,NORMAL,3582154,0
-0.44207907,-0.9701083,0.34475708,NORMAL,3582155,0
-0.9880626,0.47084612,-0.29314137,NORMAL,3582156,0
-1.2130157,-0.1089139,0.310256,NORMAL,3582156,0
-0.009904504,-0.031591415,-0.5983734,NORMAL,3582157,0
0.6364769,2.2738323,1.3460016,NORMAL,3582157,0
-1.2156482,0.34085906,0.2517872,NORMAL,3582158,0
-0.19585133,2.034685,0.4168749,NORMAL,3582158,0
-0.9715093,0.6776272,-0.3838768,NORMAL,3582159,0
-0.420884,-1.1003197,1.1772575,NORMAL,3582159,0
-0.07666731,0.060513973,0.92182827,NORMAL,3582160,0
-0.24298453,-0.9406243,0.9821291,NORMAL,3582160,0
0.51627886,-0.09710498,-0.51405144,NORMAL,3582161,0
3.460945,0.33412617,-0.35953426,NORMAL,3582161,0
-0.7949834,-1.0536178,3.0327854,NORMAL,3582162,0
0.59974277,-0.4389522,1.4831171,NORMAL,3582163,0
-0.049845815,0.1309028,-0.33901596,NORMAL,3582163,0
1.0352476,0.56940544,-0.6775236,NORMAL,3582164,0
0.41493106,-0.27109724,-0.16116905,NORMAL,3582164,0
1.4145677,0.3887788,0.1234808,NORMAL,3582165,0
0.86557174,-1.1967406,0.9044981,NORMAL,3582165,0
-0.844187,-0.3103611,0.24124241,NORMAL,3582166,0
-0.43536854,0.5495569,2.7902308,NORMAL,3582166,0
0.10414004,0.20133662,1.5349922,NORMAL,3582167,0
-0.34915757,-1.2490311,-3.8254828,NORMAL,3582167,0
-1.3925815,-0.67527676,0.26422024,NORMAL,3582168,0
-0.7382462,-0.58472365,-0.35796547,NORMAL,3582168,0
-1.7866954,0.48006263,0.5267334,NORMAL,3582169,0
-0.5083375,0.42952737,-0.32301426,NORMAL,3582170,0
-0.68196464,-0.5489793,0.7821474,NORMAL,3582170,0
-0.89662147,-0.28302214,-1.4763236,NORMAL,3582171,0
-0.4600656,-0.07799253,-0.07079029,NORMAL,3582171,0
0.52455735,-0.28407782,-1.7639604,NORMAL,3582172,0
-0.67088294,0.84231246,-1.6586041,NORMAL,3582172,0
0.81731534,0.24751168,0.18594933,NORMAL,3582173,0
-0.60963774,0.37096137,0.5363989,NORMAL,3582173,0
-0.19407701,0.5433287,-0.094353676,NORMAL,3582174,0
-0.09431934,-0.28084219,-0.69957924,NORMAL,3582174,0
1.1027882,0.33921474,1.9996471,NORMAL,3582175,0
0.46107125,0.11925569,0.717597,NORMAL,3582175,0
0.6245923,0.8543519,2.4978342,NORMAL,3582176,0
-0.03508973,-0.30013746,-0.4509344,NORMAL,3582177,0
0.7773435,-0.51126206,-0.8778868,NORMAL,3582177,0
0.2938969,-0.5212779,-0.58337116,NORMAL,3582178,0
1.2763681,-0.6096272,-1.564343,NORMAL,3582178,0
0.39204073,1.676827,0.3252182,NORMAL,3582179,0
0.013323069,0.2913311,0.2111845,NORMAL,3582179,0
0.004032135,-0.5515652,1.1263771,NORMAL,3582180,0
-0.57864535,-0.05820006,0.3536167,NORMAL,3582180,0
-0.84091973,-1.0318019,-0.38201427,NORMAL,3582181,0
-1.1112888,-1.8305998,0.017074585,NORMAL,3582181,0
-0.31860435,-0.038667113,0.41254234,NORMAL,3582182,0
-0.4632684,-0.71750695,0.77836037,NORMAL,3582183,0
0.07568765,-0.99077904,0.9452877,NORMAL,3582183,0
-0.32444918,-0.9085617,-0.36519527,NORMAL,3582184,0
-0.19855988,-0.45891804,-1.2663479,NORMAL,3582184,0
-1.5635288,1.0191752,0.42947388,NORMAL,3582185,0
1.0316834,-1.6063662,1.8668804,NORMAL,3582185,0
-0.6544714,-0.9395842,-1.5642805,NORMAL,3582186,0
0.43613315,-0.99568725,-0.08611393,NORMAL,3582186,0
-0.94532263,-0.20906377,0.44247913,NORMAL,3582187,0
-1.437014,-2.7417195,0.7076912,NORMAL,3582187,0
1.6600564,0.7221306,0.57489586,NORMAL,3582188,0
0.23064363,-0.6538974,-0.32421684,NORMAL,3582188,0
-0.20353615,-0.5653539,0.6320343,NORMAL,3582189,0
0.11077726,0.558607,-1.0573921,NORMAL,3582190,0
-0.6596614,0.6802355,-1.1388407,NORMAL,3582190,0
-0.12636662,1.3175182,-1.4076958,NORMAL,3582191,0
-0.28310752,1.2159588,-2.2954235,NORMAL,3582191,0
0.48923945,-0.8232906,-1.8737097,NORMAL,3582192,0
0.8251127,2.759142,2.0494833,NORMAL,3582192,0
1.2067044,3.1695592,-0.26472378,NORMAL,3582193,0
1.157718,2.2547152,1.4291716,NORMAL,3582193,0
0.011557102,-0.73075366,-0.46395206,NORMAL,3582194,0
-0.93155485,1.4298381,2.4605646,NORMAL,3582194,0
0.083642006,-0.3354698,-1.2908812,NORMAL,3582195,0
-1.2636226,-0.48628935,0.30144215,NORMAL,3582195,0
0.36969888,0.34934187,0.44854355,NORMAL,3582196,0
1.1194128,-0.6524409,-1.568675,NORMAL,3582197,0
0.351197,0.22122414,-0.31466866,NORMAL,3582197,0
0.7025583,-1.4865801,-0.8857918,NORMAL,3582198,0
0.9193865,-3.1711493,-0.15273952,NORMAL,3582198,0
1.1273081,0.17936544,-1.0286589,NORMAL,3582199,0
0.74680364,-0.63874984,-0.6953335,NORMAL,3582199,0
1.6697543,-0.77294254,-0.9539709,NORMAL,3582200,0
2.59615,0.323019,-0.8060026,NORMAL,3582200,0
-0.34550655,-1.6460166,0.98339844,NORMAL,3582201,0
1.5003293,-0.7748499,-0.15638256,NORMAL,3582201,0
1.0580661,-0.9196763,0.362175,NORMAL,3582202,0
1.4945731,-0.37236667,-1.8477144,NORMAL,3582202,0
0.17629099,-0.7836546,0.6651602,NORMAL,3582203,0
1.1866953,-0.04434204,-1.0354071,NORMAL,3582204,0
1.0823703,-0.12821034,-1.0381184,NORMAL,3582204,0
1.1850657,1.0269911,-1.0372524,NORMAL,3582205,0
0.6813855,0.9025505,-0.28977585,NORMAL,3582205,0
0.33663034,0.82858044,1.275094,NORMAL,3582206,0
0.7153151,-0.35674316,-1.111206,NORMAL,3582206,0
-1.3095269,-1.8079691,0.26051617,NORMAL,3582207,0
0.30322576,-0.56115586,-0.08185482,NORMAL,3582207,0
-0.46892464,0.15208974,4.95432,NORMAL,3582208,0
-0.0043052435,-2.2636948,-0.684885,NORMAL,3582208,0
1.5619663,1.1238903,0.35000515,NORMAL,3582209,0
-0.09408331,1.1897558,0.58381844,NORMAL,3582210,0
-1.6895293,0.120891616,0.08724594,NORMAL,3582210,0
-1.2775872,-0.65250987,1.0343485,NORMAL,3582211,0
-1.3442408,-1.1271638,0.0281353,NORMAL,3582211,0
-1.4422381,-0.2453459,0.2981825,NORMAL,3582212,0
0.025551438,-1.2180794,-0.75332737,NORMAL,3582212,0
-0.021017909,0.14100179,0.07687855,NORMAL,3582213,0
0.5482094,0.03599286,-0.6234894,NORMAL,3582213,0
0.73039603,0.73774827,-0.6032219,NORMAL,3582214,0
-1.2864611,-0.3708721,0.9278736,NORMAL,3582214,0
-2.004478,-0.86932564,0.308753,NORMAL,3582215,1
0.110842705,2.8868773,-0.88996315,NORMAL,3582215,1
0.014241099,-0.70649225,-0.11429119,NORMAL,3582216,0
0.42063975,-0.46965098,-0.3346529,NORMAL,3582217,0
0.40342987,2.012217,0.14046955,NORMAL,3582217,0
-0.5196815,0.647765,-0.5555992,NORMAL,3582218,0
-1.0901974,-0.10204399,-0.55255795,NORMAL,3582218,0
0.8672694,0.6048054,-0.8428879,NORMAL,3582219,0
0.8484063,0.33398902,0.85575676,NORMAL,3582219,0
1.2842212,-0.22682554,0.64806175,NORMAL,3582220,0
0.6044936,-0.8993468,-0.38110542,NORMAL,3582220,0
2.11013,0.42405134,-0.79835796,NORMAL,3582221,0
-0.530815,0.35949582,1.2308912,NORMAL,3582221,0
1.8747315,0.52831674,0.24671555,NORMAL,3582222,0
1.2328458,-0.4267766,1.2081814,NORMAL,3582222,0
0.5346775,-1.0542115,0.054468155,NORMAL,3582223,0
0.72977734,-0.2727911,-1.511199,NORMAL,3582224,0
1.1505067,-0.81875694,2.1811886,NORMAL,3582224,0
0.0595212,-0.6503574,0.75940895,NORMAL,3582225,0
0.27685142,1.1094775,0.23948956,NORMAL,3582225,0
-0.7411281,-1.0397905,0.28425884,NORMAL,3582226,0
-0.76658607,0.5522479,-0.42137337,NORMAL,3582226,0
-0.55788076,-0.62981874,-1.4072456,NORMAL,3582227,0
-1.5686687,-0.263351,-2.09023,NORMAL,3582227,0
-0.9216973,-0.9808639,1.4710121,NORMAL,3582228,0
-0.12730014,-0.08631774,0.3479681,NORMAL,3582228,0
-0.9308912,0.70443946,-0.1524868,NORMAL,3582229,0
-0.4367969,1.2235074,0.40111923,NORMAL,3582229,0
-0.19859195,-0.11056495,-1.098547,NORMAL,3582230,0
0.7587905,-0.3428121,-0.058475494,NORMAL,3582231,0
-0.38062322,-0.3981898,-0.030566216,NORMAL,3582231,0
0.04390955,-0.65232724,-0.65949154,NORMAL,3582232,0
0.102231026,-1.0334383,1.2207136,NORMAL,3582232,0
0.33020115,-0.53028727,0.09335995,NORMAL,3582233,0
0.7379894,-0.3134189,-0.4939623,NORMAL,3582233,0
1.0082498,-0.6748872,-0.39862633,NORMAL,3582234,0
0.27969265,-0.7094449,0.1355133,NORMAL,3582234,0
1.1629729,-0.15059762,0.15293789,NORMAL,3582235,0
0.18901396,-0.084457204,-0.30436993,NORMAL,3582235,0
0.67051005,0.3267001,-0.8788805,NORMAL,3582236,0
1.0731578,0.010226868,-0.65871906,NORMAL,3582237,0
0.82358956,-0.41157407,-1.0379219,NORMAL,3582237,0
1.5488696,0.043822996,0.62732124,NORMAL,3582238,0
-0.7943088,-1.1660376,0.94157887,NORMAL,3582238,0
-0.47309875,-0.15878032,-0.119464874,NORMAL,3582239,0
1.2037005,1.5089849,0.5953846,NORMAL,3582239,0
-0.008668184,-1.3679628,0.6250706,NORMAL,3582240,0
-0.53663373,-0.32655418,0.18494797,NORMAL,3582240,0
-0.035609722,-0.40013638,-0.16296864,NORMAL,3582241,0
0.170048,-0.49858943,-1.5398288,NORMAL,3582241,0
0.69331336,-0.21654738,1.2485962,NORMAL,3582242,0
-0.5670364,-0.04540442,0.13901806,NORMAL,3582242,0
-0.14481401,-0.64049196,-0.08941746,NORMAL,3582243,0
-0.4956057,-1.3873625,0.01831913,NORMAL,3582244,0
-0.21027064,0.48627305,-0.92797947,NORMAL,3582244,0
0.42384624,0.18572775,0.9901457,NORMAL,3582245,0
0.44429326,1.1985954,-1.2287016,NORMAL,3582245,0
-0.44598484,-0.09577188,0.90321064,NORMAL,3582246,0
0.4616115,0.7122698,-1.0317373,NORMAL,3582246,0
-0.67962885,0.26318026,0.72238445,NORMAL,3582247,0
-0.5889609,0.07021825,0.07154846,NORMAL,3582247,0
-0.42455053,-2.3963048,0.042830467,NORMAL,3582248,0
-0.98061764,-0.7911259,-0.17374802,NORMAL,3582248,0
-0.07882285,-0.68992335,0.21474934,NORMAL,3582249,0
-0.8845582,-0.07254003,0.5419483,NORMAL,3582249,0
-0.81912994,-0.11243802,0.63041687,NORMAL,3582250,0
-1.374251,-0.887112,-0.30811405,NORMAL,3582251,0
-1.5809915,-0.76672244,1.0618677,NORMAL,3582251,0
-1.3302281,-0.6939678,-0.6449747,NORMAL,3582252,0
-0.3873763,-0.45595166,0.91111755,NORMAL,3582252,0
-0.29089546,0.6515271,-1.5192761,NORMAL,3582253,0
-0.46823466,-0.80893874,-0.5447273,NORMAL,3582253,0
-0.11808729,0.6653786,0.34733295,NORMAL,3582254,0
0.036653996,-0.4173763,0.81667614,NORMAL,3582254,0
0.6850972,0.6814937,-0.54950047,NORMAL,3582255,0
1.1562908,0.8725241,0.4285841,NORMAL,3582255,0
0.55636644,1.094665,0.0680666,NORMAL,3582256,0
-0.8386706,-0.29212078,-0.1641016,NORMAL,3582256,0
1.5044103,0.23962182,-0.79678726,NORMAL,3582257,0
0.29361963,0.035973236,-1.7182331,NORMAL,3582258,0
1.1311717,0.7547516,-1.6180682,NORMAL,3582258,0
1.5162072,0.30381432,-1.3088751,NORMAL,3582259,0
2.2017384,1.234191,0.13417244,NORMAL,3582259,0
0.77852297,-0.6421204,-0.76962566,NORMAL,3582260,0
1.0389175,-0.4486155,0.51570225,NORMAL,3582260,0
0.48729658,0.19024956,0.18029213,NORMAL,3582261,0
1.6566229,-0.79908437,-0.7770519,NORMAL,3582261,0
1.7419918,0.26773882,0.25257206,NORMAL,3582262,0
1.17507,-0.109170526,-0.96834946,NORMAL,3582262,0
0.3390789,-0.2914169,0.077337265,NORMAL,3582263,0
-1.1148489,-0.6245835,-0.027485847,NORMAL,3582264,0
-0.4510193,-1.8569391,-0.051707268,NORMAL,3582264,0
-1.0254228,-2.6281786,0.09815025,NORMAL,3582265,0
0.067602396,-2.5316179,-0.7811804,NORMAL,3582265,0
0.9708934,-0.8836706,-2.7576137,NORMAL,3582266,0
0.02435255,1.0141785,-2.110375,NORMAL,3582266,0
0.6252091,-0.28649002,0.4580059,NORMAL,3582267,0
0.100611925,0.22022732,-0.056825638,NORMAL,3582267,0
-1.2919203,0.49324006,-0.010629654,NORMAL,3582268,0
-1.9819994,-0.6389271,0.929656,NORMAL,3582268,0
-2.784989,-0.79903483,1.1769962,NORMAL,3582269,1
0.015489757,-0.43333888,0.65505695,NORMAL,3582269,1
-0.10520083,-0.7212628,0.783494,NORMAL,3582270,0
-0.50717926,-1.3859261,0.045160294,NORMAL,3582271,0
0.29674506,-0.30571723,-0.28483677,NORMAL,3582271,0
0.91532755,-0.42987752,-0.23488045,NORMAL,3582272,0
0.21982825,0.008598089,0.26630402,NORMAL,3582272,0
0.5362017,0.15464354,-0.40505886,NORMAL,3582273,0
1.5134537,0.5931251,0.039235115,NORMAL,3582273,0
1.4279515,1.9860052,0.35996914,NORMAL,3582274,0
-0.8206722,2.5565991,-0.61759853,NORMAL,3582274,0
-0.016870737,1.1715735,0.6037922,NORMAL,3582275,0
2.4888644,-1.0012624,0.4321432,NORMAL,3582275,0
-0.6803379,-0.04829955,-3.298533,NORMAL,3582276,0
0.5633526,1.2347066,-0.7295122,NORMAL,3582276,0