acc_x,speed_x_km,time,acc_y,speed_y_km,speed,label
4.933154,0.0000,0,-2.9460795,0.0000,0,0
-1.6248639,-5.8495,1,-1.0824918,-3.8970,7,0
-0.5946599,-5.8495,1,-0.122409865,-3.8970,7,0
0.7384782,-3.1910,2,-0.22845554,-4.7194,6,0
0.101741076,-3.1910,2,0.7775676,-4.7194,6,0
0.15846956,-2.6205,3,0.34589112,-3.4742,4,0
0.078171015,-2.6205,3,-0.34917977,-3.4742,4,0
-0.66274977,-5.0064,4,-0.46277535,-5.1402,7,0
0.46731782,-5.0064,4,-0.23463994,-5.1402,7,0
-0.17189527,-5.6252,5,-0.40889418,-6.6122,9,0
0.8526788,-5.6252,5,-0.41677797,-6.6122,9,0
0.30885077,-4.5134,6,0.23902233,-5.7517,7,0
-0.40297937,-5.9641,7,-0.040392295,-5.8971,8,0
-0.6046126,-5.9641,7,0.84023064,-5.8971,8,0
0.16359544,-5.3751,8,0.47510707,-4.1868,7,0
-0.25059032,-5.3751,8,1.7221956,-4.1868,7,0
0.7984953,-2.5006,9,0.1821081,-3.5312,4,0
-0.29116774,-2.5006,9,1.694341,-3.5312,4,0
1.1801066,1.7478,10,1.6199347,2.3006,3,0
-1.2662845,1.7478,10,-1.4181135,2.3006,3,0
-1.9412715,-5.2408,11,-1.3333063,-2.4993,6,0
-0.16773546,-5.2408,11,-1.0927223,-2.4993,6,0
0.099909425,-4.8811,12,-0.90456706,-5.7557,8,0
-0.23394442,-4.8811,12,-0.092106625,-5.7557,8,0
-0.74943143,-7.5790,13,-0.33966783,-6.9786,10,0
-0.48120236,-9.3114,14,0.726062,-4.3647,10,0
-0.018947363,-9.3114,14,0.68598056,-4.3647,10,0
-0.34503925,-10.5535,15,-0.12613934,-4.8188,12,0
0.5063236,-10.5535,15,0.89916474,-4.8188,12,0
-0.7444526,-13.2335,16,0.30807012,-3.7098,14,0
-2.3109999,-13.2335,16,-0.000235908,-3.7098,14,0
-1.2354913,-17.6813,17,-1.1864295,-7.9809,19,0
-0.05797839,-17.6813,17,-1.2544351,-7.9809,19,0
0.73513544,-15.0348,18,-0.59420466,-10.1201,18,0
-0.18448567,-15.0348,18,-0.28631848,-10.1201,18,0
0.21474361,-14.2617,19,-0.17878866,-10.7637,18,0
0.19085145,-14.2617,19,-0.18170041,-10.7637,18,0
-0.26172924,-15.2040,20,-0.5900413,-12.8879,20,0
-0.250973,-16.1075,21,0.109036595,-12.4953,20,0
-0.3154993,-16.1075,21,-0.40621176,-12.4953,20,0
1.0180122,-12.4426,22,0.70333594,-9.9633,16,0
-0.97506404,-12.4426,22,0.13342544,-9.9633,16,0
-0.37907457,-13.8073,23,-0.45772478,-11.6111,18,0
0.24483013,-13.8073,23,0.65835357,-11.6111,18,0
0.45495677,-12.1694,24,0.4233096,-10.0872,16,0
-0.16050053,-12.1694,24,0.4032675,-10.0872,16,0
-0.7214869,-14.7668,25,-0.5823275,-12.1836,19,0
-0.10930574,-14.7668,25,0.63884765,-12.1836,19,0
0.1320141,-14.2915,26,-0.30378756,-13.2772,20,0
-0.104435205,-14.2915,26,-0.009786218,-13.2772,20,0
-0.18531281,-14.9587,27,0.6822442,-10.8211,18,0
1.0312804,-11.2461,28,0.72823286,-8.1995,14,0
0.024627209,-11.2461,28,0.4760384,-8.1995,14,0
1.158198,-7.0765,29,0.22727384,-7.3813,10,0
1.1000575,-7.0765,29,0.22532225,-7.3813,10,0
0.665429,-4.6810,30,0.49806526,-5.5883,7,0
0.8107588,-4.6810,30,0.3941303,-5.5883,7,0
-0.6773871,-7.1196,31,-0.56613946,-7.6264,10,0
-0.7798283,-7.1196,31,0.45677698,-7.6264,10,0
-0.62190557,-9.3585,32,-0.4506393,-9.2487,13,0
0.70113504,-9.3585,32,-0.16873932,-9.2487,13,0
1.8915246,-2.5490,33,1.1473792,-5.1181,6,0
-0.44840515,-4.1632,34,-0.0026173,-5.1275,7,0
-0.6348057,-4.1632,34,0.67214185,-5.1275,7,0
0.6373229,-1.8689,35,0.9423757,-1.7350,3,0
-1.1450831,-1.8689,35,-1.1350858,-1.7350,3,0
-1.561934,-7.4918,36,1.0792023,2.1501,8,0
-2.3862872,-7.4918,36,-1.1911907,2.1501,8,0
-2.8973424,-17.9223,37,-0.020120025,2.0777,18,0
-0.84673524,-17.9223,37,1.1123292,2.0777,18,0
-0.9487786,-21.3379,38,-1.1211964,-1.9586,21,0
-0.66064614,-21.3379,38,0.47948244,-1.9586,21,0
0.32185626,-20.1792,39,-0.004040621,-1.9731,20,0
-0.62467885,-20.1792,39,-0.8120796,-1.9731,20,0
0.661506,-17.7978,40,0.006389082,-1.9501,18,0
0.34187663,-16.5670,41,0.5163145,-0.0914,17,0
-1.1381806,-16.5670,41,0.89366126,-0.0914,17,0
1.1962264,-12.2606,42,-0.36534023,-1.4066,12,0
0.9723377,-12.2606,42,0.17520386,-1.4066,12,0
2.0955453,-4.7166,43,-0.03835237,-1.5447,5,0
0.6891172,-4.7166,43,0.004123271,-1.5447,5,0
-0.9347031,-8.0816,44,-0.4371791,-3.1186,9,0
0.10281992,-8.0816,44,0.45909715,-3.1186,9,0
-0.014435411,-8.1335,45,-0.950908,-6.5418,10,0
0.32654715,-8.1335,45,0.32304913,-6.5418,10,0
0.96308875,-4.6664,46,0.4298553,-4.9943,7,0
0.17647147,-4.6664,46,0.5752955,-4.9943,7,0
0.9191344,-1.3575,47,0.93255293,-1.6371,2,0
2.6182406,8.0681,48,2.4308987,7.1141,11,0
1.9347279,8.0681,48,0.7842797,7.1141,11,0
1.6863043,14.1388,49,1.2241917,11.5212,18,0
2.5924811,14.1388,49,0.79024184,11.5212,18,0
1.4067512,19.2031,50,0.5025584,13.3304,23,0
0.8868482,19.2031,50,0.51803625,13.3304,23,0
-1.0272081,15.5052,51,-0.055243492,13.1315,20,0
-1.5332457,15.5052,51,0.928036,13.1315,20,0
-1.5276446,10.0057,52,-0.38795257,11.7349,15,0
0.5042579,10.0057,52,0.22524488,11.7349,15,0
1.3128617,14.7320,53,-0.6251019,9.4845,18,0
0.38992918,14.7320,53,0.10109073,9.4845,18,0
0.08548367,15.0397,54,-1.1993814,5.1667,16,0
-0.41264224,13.5542,55,1.6265585,11.0224,17,0
-0.48421,13.5542,55,1.4568092,11.0224,17,0
-1.0362381,9.8238,56,0.08818948,11.3398,15,0
0.47458458,9.8238,56,0.6829182,11.3398,15,0
-0.2566589,8.8998,57,-0.72001874,8.7478,12,0
-0.32550082,8.8998,57,-0.71391904,8.7478,12,0
-0.728944,6.2756,58,-0.77842444,5.9454,9,0
-0.58216274,6.2756,58,-0.15954599,5.9454,9,0
1.2212067,10.6719,59,-0.16466856,5.3526,12,0
0.15069354,10.6719,59,0.25608444,5.3526,12,0
0.24779892,11.5640,60,0.37465924,6.7014,13,0
-0.37758067,10.2047,61,0.4206541,8.2158,13,0
0.25124454,10.2047,61,-1.0838859,8.2158,13,0
0.3612535,11.5052,62,-0.3177319,7.0719,14,0
0.390069,11.5052,62,1.3255444,7.0719,14,0
0.24759364,12.3966,63,0.77460706,9.8605,16,0
-0.044749975,12.3966,63,-0.51509464,9.8605,16,0
0.38730168,13.7908,64,0.006276071,9.8831,17,0
1.1234715,13.7908,64,0.5328438,9.8831,17,0
0.119714975,14.2218,65,0.83592296,12.8924,19,0
0.05827284,14.2218,65,-0.3320887,12.8924,19,0
0.6484823,16.5564,66,-0.11160147,12.4907,21,0
1.2564957,16.5564,66,0.51979375,12.4907,21,0
0.88845897,19.7548,67,0.16919601,13.0998,24,0
0.2569821,20.6799,68,-0.1243099,12.6523,24,0
-1.5508068,20.6799,68,-0.7700404,12.6523,24,0
0.53837967,22.6181,69,-0.070819944,12.3973,26,0
-2.2353997,22.6181,69,-2.6225307,12.3973,26,0
0.34413934,23.8570,70,0.25052288,13.2992,27,0
0.6799526,23.8570,70,-1.0601444,13.2992,27,0
-0.49350238,22.0804,71,-0.11575872,12.8825,26,0
0.18948174,22.0804,71,-0.31755272,12.8825,26,0
0.3959098,23.5057,72,0.10250321,13.2515,27,0
-0.096042156,23.5057,72,0.48772928,13.2515,27,0
-2.1764052,15.6706,73,-1.2252504,8.8406,18,0
-0.46546447,15.6706,73,0.22124556,8.8406,18,0
0.7124877,18.2356,74,0.16797096,9.4453,21,0
-0.32323945,17.0719,75,0.11686492,9.8660,20,0
-1.7656263,17.0719,75,-0.37063468,9.8660,20,0
0.43888128,18.6519,76,0.1629256,10.4525,21,0
0.6038188,18.6519,76,0.08533296,10.4525,21,0
1.0584856,22.4624,77,0.6238576,12.6984,26,0
-2.5702531,22.4624,77,0.123048544,12.6984,26,0
-0.5883533,20.3444,78,-0.9125505,9.4132,22,0
0.07427657,20.3444,78,-0.023941457,9.4132,22,0
0.099351406,20.7020,79,-0.3889095,8.0131,22,0
-0.99984616,20.7020,79,0.22399685,8.0131,22,0
-0.34422362,19.4628,80,-1.0760529,4.1393,20,0
0.621945,19.4628,80,0.2177471,4.1393,20,0
-0.15884256,18.8910,81,-0.1278511,3.6791,19,0
0.3085351,20.0017,82,0.6690208,6.0876,21,0
0.13886309,20.0017,82,0.06452134,6.0876,21,0
0.2125578,20.7669,83,0.6613016,8.4682,22,0
-1.1739001,20.7669,83,0.18183313,8.4682,22,0
0.16520143,21.3617,84,0.08641583,8.7793,23,0
-0.74853444,21.3617,84,-0.57277286,8.7793,23,0
-2.00992,14.1259,85,-0.19262809,8.0859,16,0
-0.25980926,14.1259,85,0.021986157,8.0859,16,0
-0.7795375,11.3196,86,-0.8605159,4.9880,12,0
0.072965264,11.3196,86,-0.3128336,4.9880,12,0
-1.0269365,7.6226,87,-0.109438896,4.5940,9,0
-1.2551696,3.1040,88,-0.35059828,3.3319,5,0
0.12499118,3.1040,88,0.4009652,3.3319,5,0
0.07858431,3.3869,89,0.1679191,3.9364,5,0
-0.019195676,3.3869,89,0.9062663,3.9364,5,0
-0.954956,-0.0509,90,0.87926555,7.1017,7,0
0.26113033,-0.0509,90,0.4742611,7.1017,7,0
0.35154867,1.2147,91,-0.63921416,4.8006,5,0
-0.63067853,1.2147,91,-0.018778443,4.8006,5,0
-0.030500889,1.1049,92,0.30376703,5.8941,6,0
-1.289685,1.1049,92,-0.115615636,5.8941,6,0
-0.30338907,0.0127,93,-0.110931456,5.4948,5,0
0.609426,0.0127,93,0.66215885,5.4948,5,0
1.2453699,4.4960,94,0.24906662,6.3914,8,0
-0.56093645,2.4766,95,-0.30215263,5.3037,6,0
-0.3489778,2.4766,95,-0.13491347,5.3037,6,0
-0.9998747,-1.1229,96,0.10331097,5.6756,6,0
-0.37709296,-1.1229,96,-0.07718876,5.6756,6,0
0.1658454,-0.5259,97,1.0683217,9.5216,10,0
-0.50528693,-0.5259,97,-0.502498,9.5216,10,0
0.54552734,1.4380,98,0.3603191,10.8187,11,0
0.56569004,1.4380,98,0.19770347,10.8187,11,0
-0.19473088,0.7370,99,0.060111776,11.0351,11,0
-0.89525217,0.7370,99,0.8138418,11.0351,11,0
-1.1076754,-3.2507,100,0.102330625,11.4035,12,0
-0.16928744,-3.2507,100,-0.64861035,11.4035,12,0
-0.36941272,-4.5805,101,-1.0454613,7.6398,9,0
-0.18624103,-5.2510,102,0.15898281,8.2122,10,0
0.5912616,-5.2510,102,1.1605201,8.2122,10,0
0.30055654,-4.1690,103,0.8744776,11.3603,12,0
0.5082655,-4.1690,103,0.84723324,11.3603,12,0
0.46527594,-2.4940,104,0.9880246,14.9172,15,0
1.6348356,-2.4940,104,0.8233796,14.9172,15,0
0.27278423,-1.5120,105,-0.86840117,11.7909,12,0
0.14330971,-1.5120,105,0.3106379,11.7909,12,0
0.22151637,-0.7145,106,-0.1322175,11.3150,11,0
-0.87528354,-0.7145,106,-1.0349618,11.3150,11,0
-0.52453035,-2.6028,107,-0.3676846,9.9913,10,0
-1.1108165,-2.6028,107,-0.2950815,9.9913,10,0
0.11844677,-2.1764,108,0.29510713,11.0537,11,0
-0.94268507,-5.5701,109,-0.82256925,8.0924,10,0
0.94948334,-5.5701,109,-0.252551,8.0924,10,0
-0.82633543,-8.5449,110,-2.0553443,0.6932,9,0
-0.44769895,-8.5449,110,-0.23048991,0.6932,9,0
-0.5651398,-10.5794,111,0.64710504,3.0228,11,0
0.024288774,-10.5794,111,-0.37834877,3.0228,11,0
-0.8651426,-13.6939,112,-0.38633198,1.6320,14,0
0.6980934,-13.6939,112,0.26479465,1.6320,14,0
0.40509462,-12.2356,113,-0.8195543,-1.3184,12,0
0.21581864,-12.2356,113,0.22475779,-1.3184,12,0
0.7551739,-9.5170,114,1.2963527,3.3484,10,0
-0.21097851,-9.5170,114,1.525346,3.3484,10,0
-0.114616156,-9.9296,115,0.07744706,3.6273,11,0
0.3717258,-8.5914,116,0.83368415,6.6285,11,0
-1.2199274,-8.5914,116,-0.11093432,6.6285,11,0
-0.56600654,-10.6290,117,1.1734192,10.8528,15,0
-0.49220324,-10.6290,117,0.49415994,10.8528,15,0
-0.4524958,-12.2580,118,0.18226802,11.5090,17,0
-0.03872633,-12.2580,118,1.104155,11.5090,17,0
0.5362265,-10.3276,119,-0.55118215,9.5247,14,0
1.5162001,-10.3276,119,-0.6167873,9.5247,14,0
1.1926036,-6.0342,120,-0.30191213,8.4378,10,0
-0.111887455,-6.0342,120,-0.46296084,8.4378,10,0
-0.7728926,-8.8166,121,-0.437751,6.8619,11,0
-1.6802438,-14.8655,122,-0.9497519,3.4428,15,0
-0.43703926,-14.8655,122,-0.30933052,3.4428,15,0
0.025582075,-14.7734,123,0.39271176,4.8566,16,0
-0.041906357,-14.7734,123,0.7844308,4.8566,16,0
-0.44848144,-16.3879,124,0.6266706,7.1126,18,0
0.3257618,-16.3879,124,0.28647316,7.1126,18,0
0.21991014,-15.5962,125,0.44876638,8.7282,18,0
-0.7502197,-15.5962,125,-0.25288218,8.7282,18,0
0.45788026,-13.9479,126,-0.13255823,8.2510,16,0
-0.86898947,-13.9479,126,-0.39067304,8.2510,16,0
-0.1644237,-14.5398,127,0.11209062,8.6545,17,0
0.12945437,-14.5398,127,-0.2682078,8.6545,17,0
0.8975003,-11.3088,128,0.10565305,9.0348,14,0
-0.11232734,-11.7132,129,0.08000988,9.3229,15,0
0.36923146,-11.7132,129,0.13370782,9.3229,15,0
-0.04753065,-11.8843,130,-0.90254694,6.0737,13,0
-1.434068,-11.8843,130,-0.23500597,6.0737,13,0
-0.719424,-14.4742,131,-0.31265676,4.9481,15,0
-0.02423501,-14.4742,131,0.7194964,4.9481,15,0
-2.003489,-21.6868,132,-1.4315805,-0.2055,22,0
0.59080505,-21.6868,132,-0.81345344,-0.2055,22,0
-0.38942766,-23.0887,133,-0.8579493,-3.2942,23,0
-1.1717485,-23.0887,133,-1.6960604,-3.2942,23,0
-0.93708,-26.4622,134,-0.89317477,-6.5096,27,0
-2.6852078,-26.4622,134,-0.235533,-6.5096,27,0
-2.099313,-34.0197,135,-0.9967143,-10.0978,35,0
-2.6120398,-43.4231,136,-0.025721729,-10.1904,45,0
-0.7398677,-43.4231,136,1.3327417,-10.1904,45,0
-1.1883842,-47.7012,137,-1.438625,-15.3694,50,0
-1.26089,-47.7012,137,-0.1453346,-15.3694,50,0
0.3511001,-46.4373,138,0.10805577,-14.9804,49,0
-0.4742744,-46.4373,138,-1.3817658,-14.9804,49,0
0.26002562,-45.5012,139,2.7709599,-5.0050,46,0
0.43747294,-45.5012,139,-0.53117573,-5.0050,46,0
1.1599375,-41.3254,140,-0.07919885,-5.2901,42,0
-0.0811069,-41.3254,140,-1.4759502,-5.2901,42,0
-1.1152251,-45.3402,141,0.61241245,-3.0854,45,0
0.06557977,-45.3402,141,-0.18764496,-3.0854,45,0
-1.1231012,-49.3834,142,-0.59272027,-5.2192,50,0
1.0234836,-45.6988,143,0.9024394,-1.9704,46,0
0.005556345,-45.6988,143,-0.07067929,-1.9704,46,0
0.012330771,-45.6545,144,0.048851274,-1.7945,46,0
-0.07141042,-45.6545,144,0.2701403,-1.7945,46,0
0.73912287,-42.9936,145,0.43837807,-0.2164,43,0
0.12841725,-42.9936,145,-0.80596346,-0.2164,43,0
-0.38435006,-44.3773,146,-0.7979759,-3.0891,44,0
0.56799436,-44.3773,146,-0.7635671,-3.0891,44,0
-0.30801678,-45.4861,147,0.29713914,-2.0194,46,0
-0.07703292,-45.4861,147,-0.29111025,-2.0194,46,0
-0.36783028,-46.8103,148,-0.111059666,-2.4192,47,0
0.62327254,-44.5665,149,-0.26485637,-3.3727,45,0
0.073449254,-44.5665,149,-0.7440124,-3.3727,45,0
0.4740256,-42.8601,150,0.541974,-1.4216,43,0
-0.11017203,-42.8601,150,-0.6860788,-1.4216,43,0
0.30949104,-41.7459,151,0.32975072,-0.2345,42,0
-1.0162668,-41.7459,151,-0.20013869,-0.2345,42,0
0.90842676,-38.4755,152,-0.35964292,-1.5292,39,0
-0.099675655,-38.4755,152,-0.04836425,-1.5292,39,0
-0.1801846,-39.1242,153,-0.3898878,-2.9328,39,0
-1.9070683,-39.1242,153,-1.6033976,-2.9328,39,0
-0.510329,-40.9614,154,-0.7576237,-5.6602,41,0
-0.25521362,-40.9614,154,-0.012183666,-5.6602,41,0
-0.25381076,-41.8751,155,0.79616594,-2.7940,42,0
-0.376352,-43.2300,156,-0.76224595,-5.5381,44,0
-0.9957027,-43.2300,156,-0.8332688,-5.5381,44,0
-0.27757055,-44.2292,157,-1.2646041,-10.0907,45,0
-0.29910886,-44.2292,157,0.5342967,-10.0907,45,0
0.34876406,-42.9737,158,0.3460778,-8.8448,44,0
-0.6136386,-42.9737,158,0.20602992,-8.8448,44,0
0.22911942,-42.1489,159,1.1469812,-4.7157,42,0
1.1726547,-42.1489,159,-0.108105354,-4.7157,42,0
-0.3546877,-43.4257,160,-0.5180464,-6.5806,44,0
-0.3210932,-43.4257,160,-0.75217336,-6.5806,44,0
0.21408367,-42.6550,161,-0.5882675,-8.6984,44,0
0.6286851,-42.6550,161,0.04788199,-8.6984,44,0
0.1085875,-42.2641,162,-0.61211646,-10.9020,44,0
0.5604267,-40.2466,163,-1.2272356,-15.3201,43,0
-1.0127023,-40.2466,163,-0.47161663,-15.3201,43,0
-0.043752074,-40.4041,164,-0.022560418,-15.4013,43,0
-1.0208405,-40.4041,164,-0.3660627,-15.4013,43,0
0.16000628,-39.8281,165,0.6783377,-12.9593,42,0
-0.018686056,-39.8281,165,0.32031968,-12.9593,42,0
0.12359834,-39.3831,166,0.401303,-11.5146,41,0
0.20924437,-39.3831,166,-0.30007708,-11.5146,41,0
0.432822,-37.8250,167,0.4263416,-9.9798,39,0
-0.22298932,-37.8250,167,-0.22828063,-9.9798,39,0
-0.674546,-40.2533,168,-0.60552186,-12.1596,42,0
0.98295546,-40.2533,168,0.31632358,-12.1596,42,0
0.22900033,-39.4289,169,0.7271996,-9.5417,41,0
-1.3153015,-44.1640,170,-0.94403034,-12.9402,46,0
-0.39384413,-44.1640,170,0.2904355,-12.9402,46,0
-0.42821503,-45.7056,171,-0.40514922,-14.3988,48,0
0.5629624,-45.7056,171,1.0313348,-14.3988,48,0
-0.31487644,-46.8391,172,-0.22420272,-15.2059,49,0
0.076051235,-46.8391,172,-1.4867306,-15.2059,49,0
-0.33166504,-48.0331,173,0.31223968,-14.0818,50,0
0.11739051,-48.0331,173,-0.10811675,-14.0818,50,0
0.40198743,-46.5860,174,-0.48926717,-15.8432,49,0
0.10857141,-46.5860,174,-0.013837535,-15.8432,49,0
0.20090139,-45.8627,175,-0.10922946,-16.2364,49,0
0.789613,-43.0201,176,0.71779513,-13.6524,45,0
-0.83912826,-43.0201,176,0.30953357,-13.6524,45,0
-0.085796356,-43.3290,177,-0.73327476,-16.2921,46,0
-0.5636817,-43.3290,177,-1.1530536,-16.2921,46,0
-0.674605,-45.7576,178,-0.3781833,-17.6536,49,0
0.7489872,-45.7576,178,0.7775284,-17.6536,49,0
-1.0490661,-49.5342,179,-0.8120072,-20.5768,54,0
-0.6071586,-49.5342,179,2.0007071,-20.5768,54,0
-0.6309858,-51.8058,180,-0.10072729,-20.9394,56,0
-0.23300362,-51.8058,180,-1.0755312,-20.9394,56,0
-0.038929224,-51.9459,181,-0.6663336,-23.3383,57,0
0.14722526,-51.9459,181,0.69420284,-23.3383,57,0
1.3341161,-47.1431,182,-0.1415723,-23.8479,53,0
0.5215554,-45.2655,183,0.13940394,-23.3461,51,0
-0.34894216,-45.2655,183,-0.3824355,-23.3461,51,0
0.15516281,-44.7069,184,0.4742343,-21.6388,50,0
-0.4419073,-44.7069,184,0.3562544,-21.6388,50,0
0.04711628,-44.5373,185,-0.22506526,-22.4490,50,0
-1.1028864,-44.5373,185,-0.11111134,-22.4490,50,0
-0.11131048,-44.9380,186,0.3503166,-21.1879,50,0
0.2196424,-44.9380,186,0.54232514,-21.1879,50,0
-0.27052987,-45.9119,187,-0.44542545,-22.7914,51,0
-0.63782656,-45.9119,187,-0.27594423,-22.7914,51,0
-0.094656944,-46.2527,188,-0.49301025,-24.5663,52,0
-0.3019601,-46.2527,188,-0.038541183,-24.5663,52,0
-0.02288413,-46.3350,189,0.58363044,-22.4652,51,0
0.23692632,-45.4821,190,-0.276865,-23.4619,51,0
0.3152976,-45.4821,190,0.75909173,-23.4619,51,0
-1.2082562,-49.8318,191,-0.8495319,-26.5202,56,0
-0.1164335,-49.8318,191,-0.51976025,-26.5202,56,0
0.36252725,-48.5267,192,-0.053932965,-26.7144,55,0
-0.20261514,-48.5267,192,0.7779546,-26.7144,55,0
0.009883523,-48.4912,193,0.14232087,-26.2020,55,0
0.3690449,-48.4912,193,-0.48629326,-26.2020,55,0
-0.18870294,-49.1705,194,0.5075295,-24.3749,55,0
0.62333333,-49.1705,194,0.075092286,-24.3749,55,0
0.91260767,-45.8851,195,0.9850935,-20.8286,50,0
0.32245183,-45.8851,195,1.2059914,-20.8286,50,0
-1.1045842,-49.8616,196,-0.24214703,-21.7003,54,0
0.8107977,-46.9427,197,-0.51081455,-23.5393,53,0
-0.7530563,-46.9427,197,-0.2903283,-23.5393,53,0
-0.7432684,-49.6185,198,-1.4607712,-28.7980,57,0
0.001846314,-49.6185,198,-0.7699849,-28.7980,57,0
-0.379192,-50.9836,199,0.21507338,-28.0238,58,0
-0.3473251,-50.9836,199,0.0853177,-28.0238,58,0
-0.6498811,-53.3232,200,-0.61566293,-30.2402,61,0
0.495327,-53.3232,200,1.4617133,-30.2402,61,0
-0.50986385,-55.1587,201,-0.6987827,-32.7558,64,0
0.37059164,-55.1587,201,0.26664853,-32.7558,64,0
-0.6360992,-57.4486,202,-0.07805019,-33.0368,66,0
0.19709587,-56.7391,203,0.24788718,-32.1444,65,0
-0.77271616,-56.7391,203,-0.9636922,-32.1444,65,0
0.6578007,-54.3710,204,-0.9359663,-35.5138,65,0
-1.4319603,-54.3710,204,-1.3797793,-35.5138,65,0
-0.020103335,-54.4434,205,-0.618818,-37.7416,66,0
1.2799386,-54.4434,205,0.52942693,-37.7416,66,0
0.2112279,-53.6829,206,0.013407722,-37.6933,66,0
-0.72290814,-53.6829,206,0.13029355,-37.6933,66,0
-0.28149903,-54.6963,207,-0.60329264,-39.8652,68,0
-0.32566845,-54.6963,207,0.43022498,-39.8652,68,0
0.000631094,-54.6941,208,0.39010757,-38.4608,67,0
1.2975018,-54.6941,208,0.03899914,-38.4608,67,0
-0.64859545,-57.0290,209,0.6222975,-36.2205,68,0
0.8033004,-54.1371,210,-0.20223112,-36.9485,66,0
-0.5593376,-54.1371,210,0.5207645,-36.9485,66,0
0.30440903,-53.0413,211,0.46616894,-35.2703,64,0
-0.00793457,-53.0413,211,0.005592048,-35.2703,64,0
-0.36268735,-54.3469,212,0.041207254,-35.1220,65,0
-0.28960586,-54.3469,212,0.5059523,-35.1220,65,0
-0.88945293,-57.5490,213,-0.83640265,-38.1330,69,0
0.68453455,-57.5490,213,0.28842375,-38.1330,69,0
2.5089524,-48.5167,214,1.812119,-31.6094,58,0
0.78901875,-48.5167,214,1.1138936,-31.6094,58,0
0.29153407,-47.4672,215,0.10000637,-31.2494,57,0
0.7734021,-47.4672,215,0.6709324,-31.2494,57,0
-0.07163334,-47.7251,216,0.9764384,-27.7342,55,0
-0.91495967,-51.0190,217,1.0541723,-23.9392,56,0
0.20794773,-51.0190,217,-0.43980244,-23.9392,56,0
0.89963675,-47.7803,218,-1.2510958,-28.4431,56,0
0.06488228,-47.7803,218,0.17256615,-28.4431,56,0
-0.029850483,-47.8877,219,-1.2884343,-33.0815,58,0
1.5699337,-47.8877,219,0.19490254,-33.0815,58,0
0.040717363,-47.7411,220,-0.3426364,-34.3150,59,0
-1.2269511,-47.7411,220,-0.5976982,-34.3150,59,0
-0.7989179,-50.6172,221,-0.11568266,-34.7314,61,0
0.462615,-50.6172,221,-0.32989752,-34.7314,61,0
-0.09727144,-50.9674,222,0.57977724,-32.6442,61,0
0.23294139,-50.9674,222,0.6971167,-32.6442,61,0
0.83166385,-47.9734,223,-0.07652971,-32.9198,58,0
0.4358518,-46.4044,224,-0.6372194,-35.2137,58,0
0.2558267,-46.4044,224,0.3026677,-35.2137,58,0
-0.9075968,-49.6717,225,-1.2297766,-39.6409,64,0
-0.06473565,-49.6717,225,0.11134885,-39.6409,64,0
0.19034219,-48.9865,226,0.7464454,-36.9537,61,0
0.11460757,-48.9865,226,-0.18059784,-36.9537,61,0
-0.6445849,-51.3070,227,-1.5396824,-42.4966,67,0
0.15953517,-51.3070,227,0.8927524,-42.4966,67,0
-0.6067896,-53.4914,228,-1.0438714,-46.2545,71,0
0.9169929,-53.4914,228,0.2217115,-46.2545,71,0
-1.0590467,-57.3040,229,-0.473343,-47.9586,75,0
-1.812112,-63.8276,230,-0.2548878,-48.8762,80,0
1.248816,-63.8276,230,0.29745567,-48.8762,80,0
-0.3742988,-65.1751,231,-0.6746378,-51.3049,83,0
0.553911,-65.1751,231,-0.741951,-51.3049,83,0
0.5328977,-63.2566,232,-0.2614141,-52.2459,82,0
0.29346967,-63.2566,232,-0.20122498,-52.2459,82,0
0.4756055,-61.5445,233,0.20784998,-51.4977,80,0
-0.55453396,-61.5445,233,-1.1656574,-51.4977,80,0
-0.30489838,-62.6421,234,0.66455215,-49.1053,80,0
1.357024,-62.6421,234,0.43891844,-49.1053,80,0
0.68505335,-60.1759,235,-0.11592513,-49.5226,78,0
0.9393575,-60.1759,235,0.58438843,-49.5226,78,0
0.49633026,-58.3891,236,-0.20601207,-50.2643,77,0
0.4516058,-56.7633,237,0.48230696,-48.5280,75,0
-0.55122447,-56.7633,237,-0.031457007,-48.5280,75,0
0.5645814,-54.7308,238,0.7544526,-45.8119,71,0
-0.051659822,-54.7308,238,-0.3356244,-45.8119,71,0
-1.2352134,-59.1776,239,0.73405963,-43.1693,73,0
-1.1974677,-59.1776,239,0.4710648,-43.1693,73,0
-0.724089,-61.7843,240,-0.20638904,-43.9123,76,0
-0.0842123,-61.7843,240,-0.04938993,-43.9123,76,0
-0.6744447,-64.2123,241,-0.14493942,-44.4341,78,0
-0.24925208,-64.2123,241,0.68087757,-44.4341,78,0
0.8665528,-61.0927,242,-0.5200677,-46.3064,77,0
-0.64320636,-61.0927,242,-0.7320719,-46.3064,77,0
-0.054543734,-61.2891,243,0.34203526,-45.0750,76,0
-0.036085844,-61.4190,244,-0.14548215,-45.5988,76,0
0.07778096,-61.4190,244,0.14447641,-45.5988,76,0
0.20443249,-60.6831,245,-0.44846198,-47.2132,77,0
-0.07967162,-60.6831,245,-0.37240738,-47.2132,77,0
-0.22931421,-61.5086,246,-0.30673414,-48.3175,78,0
1.6583589,-61.5086,246,0.19247384,-48.3175,78,0
-0.31036663,-62.6259,247,-0.068618774,-48.5645,79,0
1.0894045,-62.6259,247,-0.59240294,-48.5645,79,0
-0.27613664,-63.6200,248,-0.55357474,-50.5574,81,0
-0.04516661,-63.6200,248,0.3165699,-50.5574,81,0
0.9869417,-60.0670,249,-0.010799736,-50.5962,79,0
1.3781554,-60.0670,249,0.13707142,-50.5962,79,0
1.4017797,-55.0206,250,-0.33752275,-51.8113,76,0
0.18587554,-54.3514,251,-0.12571466,-52.2639,75,0
0.29148555,-54.3514,251,-0.14027604,-52.2639,75,0
-1.325272,-59.1224,252,-0.4560146,-53.9056,80,0
-0.058419347,-59.1224,252,-0.40330976,-53.9056,80,0
0.93248606,-55.7655,253,-1.4718277,-59.2041,81,0
-0.72283673,-55.7655,253,-0.9780785,-59.2041,81,0
0.016498089,-55.7061,254,0.22365475,-58.3990,81,0
-0.07739544,-55.7061,254,0.3881409,-58.3990,81,0
0.41235733,-54.2216,255,-0.24281716,-59.2731,80,0
0.29378867,-54.2216,255,0.63656104,-59.2731,80,0
0.27055347,-53.2476,256,0.47573295,-57.5605,78,0
-0.37055242,-54.5816,257,-1.0120957,-61.2040,82,0
-0.23811936,-54.5816,257,0.62763774,-61.2040,82,0
0.22274315,-53.7797,258,-0.8273667,-64.1825,84,0
-0.4009421,-53.7797,258,0.35713506,-64.1825,84,0
0.44990587,-52.1601,259,0.5561523,-62.1804,81,0
-0.41796756,-52.1601,259,1.2013156,-62.1804,81,0
-0.6966207,-54.6679,260,-0.35035992,-63.4417,84,0
0.5598773,-54.6679,260,1.0532818,-63.4417,84,0
0.5952276,-52.5251,261,0.7035109,-60.9090,80,0
-1.5372773,-52.5251,261,-0.007200316,-60.9090,80,0
0.09083426,-52.1981,262,-0.71478146,-63.4823,82,0
0.5029361,-52.1981,262,0.03971535,-63.4823,82,0
-0.20817196,-52.9475,263,0.91589415,-60.1850,80,0
-0.06735623,-53.1900,264,0.112042286,-59.7817,80,0
-0.819084,-53.1900,264,-0.007174522,-59.7817,80,0
0.12722957,-52.7319,265,-0.83313066,-62.7810,82,0
0.73136485,-52.7319,265,-0.523913,-62.7810,82,0
-0.06942606,-52.9819,266,-2.1235468,-70.4257,88,0
0.5164496,-52.9819,266,0.2838661,-70.4257,88,0
-0.42937052,-54.5276,267,-0.032528177,-70.5428,89,0
0.611081,-54.5276,267,-0.33089286,-70.5428,89,0
0.2733488,-53.5436,268,0.37539053,-69.1914,87,0
0.4119799,-53.5436,268,0.24430086,-69.1914,87,0
0.7059561,-51.0021,269,0.98366845,-65.6502,83,0
0.58627033,-51.0021,269,-0.41322398,-65.6502,83,0
-0.79241014,-53.8548,270,-0.4794762,-67.3763,86,0
-0.20290077,-54.5852,271,-1.1505759,-71.5184,90,0
-0.06422377,-54.5852,271,-0.73578554,-71.5184,90,0
1.271913,-50.0063,272,-0.09693989,-71.8674,88,0
1.5661707,-50.0063,272,0.6795253,-71.8674,88,0
1.6153026,-44.1913,273,-0.72035074,-74.4607,87,0
-0.43961787,-44.1913,273,-0.09338666,-74.4607,87,0
-0.14751601,-44.7223,274,0.40862948,-72.9896,86,0
-1.2345526,-44.7223,274,0.23546207,-72.9896,86,0
-0.17547059,-45.3540,275,-0.080326095,-73.2788,86,0
1.1168303,-45.3540,275,0.29272595,-73.2788,86,0
1.2078149,-41.0059,276,-0.07834427,-73.5608,84,0
0.19444942,-41.0059,276,-0.007725552,-73.5608,84,0
0.10776925,-40.6179,277,-0.19220549,-74.2527,85,0
-0.32233548,-41.7783,278,-0.7038464,-76.7866,87,0
0.24665713,-41.7783,278,-0.1510436,-76.7866,87,0
-1.1504489,-45.9199,279,0.19113836,-76.0985,89,0
-0.22838187,-45.9199,279,-0.4724136,-76.0985,89,0
1.3629549,-41.0133,280,-0.11204606,-76.5019,87,0
-0.1380055,-41.0133,280,0.06646913,-76.5019,87,0
1.3930573,-35.9983,281,-0.3099401,-77.6176,86,0
-1.0390513,-35.9983,281,-0.00185594,-77.6176,86,0
1.0892208,-32.0771,282,1.0866545,-73.7057,80,0
-0.1809529,-32.0771,282,0.49053422,-73.7057,80,0
-0.17257702,-32.6984,283,0.70391554,-71.1716,78,0
0.16751683,-32.0953,284,0.44343358,-69.5752,77,0
0.3290348,-32.0953,284,-0.21074083,-69.5752,77,0
-0.000569344,-32.0974,285,0.41200978,-68.0920,75,0
0.43549228,-32.0974,285,0.74645764,-68.0920,75,0
1.1563863,-27.9344,286,0.83394015,-65.0898,71,0
0.980603,-27.9344,286,-0.4627953,-65.0898,71,0
1.2451155,-23.4520,287,0.41879752,-63.5821,68,0
0.17771459,-23.4520,287,0.98906744,-63.5821,68,0
0.58838177,-21.3338,288,0.34991443,-62.3224,66,0
0.27177906,-21.3338,288,-0.3176977,-62.3224,66,0
1.2970872,-16.6643,289,-0.289931,-63.3662,66,0
0.6208844,-16.6643,289,-0.23079026,-63.3662,66,0
0.07816887,-16.3829,290,0.08086151,-63.0751,65,0
0.032126665,-16.2672,291,-1.4262593,-68.2096,70,0
-0.5744629,-16.2672,291,-1.6591148,-68.2096,70,0
-0.29188764,-17.3180,292,-1.0415342,-71.9592,74,0
-0.22603464,-17.3180,292,-0.5312053,-71.9592,74,0
0.058799982,-17.1063,293,-0.80252695,-74.8482,77,0
-0.7985405,-17.1063,293,-0.42668962,-74.8482,77,0
-0.53823745,-19.0440,294,-0.30945587,-75.9623,78,0
-0.5153528,-19.0440,294,0.3229189,-75.9623,78,0
-0.42762697,-20.5834,295,0.2944883,-74.9021,78,0
-0.031713493,-20.5834,295,-0.08391827,-74.9021,78,0
0.344795,-19.3422,296,-0.03533107,-75.0293,77,0
0.8982495,-19.3422,296,0.028264463,-75.0293,77,0
2.5152426,-10.2873,297,-1.4317896,-80.1838,81,0
0.66863656,-7.8802,298,-0.9365903,-83.5555,84,0
0.093574286,-7.8802,298,0.75457877,-83.5555,84,0
-0.3275652,-9.0594,299,-1.4359556,-88.7249,89,0
-0.057436705,-9.0594,299,0.9079493,-88.7249,89,0
0.6734171,-6.6351,300,-2.16608,-96.5228,97,0
0.20289707,-6.6351,300,-0.65013266,-96.5228,97,0
-0.5614152,-8.6562,301,-0.15944195,-97.0968,97,0
-0.91252375,-8.6562,301,-0.29998893,-97.0968,97,0
-0.109808445,-9.0515,302,1.3911144,-92.0888,93,0
-1.922281,-9.0515,302,0.26151702,-92.0888,93,0
-0.63623285,-11.3420,303,1.1276133,-88.0294,89,0
-1.6712124,-11.3420,303,0.101218164,-88.0294,89,0
-0.907002,-14.6072,304,-1.1735969,-92.2543,93,0
-1.9098209,-21.4825,305,0.16365415,-91.6652,94,0
-1.0430788,-21.4825,305,-0.26890445,-91.6652,94,0
-0.7651744,-24.2372,306,-0.5213484,-93.5420,97,0
-0.400496,-24.2372,306,-0.5043357,-93.5420,97,0
-0.20211792,-24.9648,307,-1.3634696,-98.4505,102,0
0.50870955,-24.9648,307,-2.3056333,-98.4505,102,0
-0.5754907,-27.0366,308,-0.6420709,-100.7620,104,0
0.1607877,-27.0366,308,0.026787877,-100.7620,104,0
0.5972079,-24.8866,309,0.01051259,-100.7241,104,0
-0.36864388,-24.8866,309,-0.08297765,-100.7241,104,0
0.18407774,-24.2239,310,0.6053978,-98.5447,101,0
0.3320011,-23.0287,311,1.0934865,-94.6082,97,0
-1.0740231,-23.0287,311,0.49058187,-94.6082,97,0
-0.14754963,-23.5599,312,0.17769188,-93.9685,97,0
1.0301888,-23.5599,312,0.40738815,-93.9685,97,0
1.095551,-19.6159,313,1.1317163,-89.8943,92,0
0.1641891,-19.6159,313,0.006551087,-89.8943,92,0
-0.564914,-21.6496,314,0.6863041,-87.4236,90,0
0.4898994,-21.6496,314,1.1407373,-87.4236,90,0
-0.048973083,-21.8259,315,0.7001127,-84.9032,88,0
0.031963706,-21.8259,315,0.80641913,-84.9032,88,0
-0.71170926,-24.3881,316,0.41846478,-83.3967,87,0
0.12218666,-24.3881,316,-0.34776318,-83.3967,87,0
-0.41870224,-25.8954,317,0.05317104,-83.2053,87,0
-1.6376058,-31.7908,318,-1.5124228,-88.6500,94,0
0.14603937,-31.7908,318,-0.3773564,-88.6500,94,0
-1.0438817,-35.5487,319,-2.3658812,-97.1672,103,0
1.3606005,-35.5487,319,-3.578845,-97.1672,103,0
-1.4628837,-40.8151,320,-0.8647557,-100.2803,108,0
-1.8697839,-40.8151,320,0.478813,-100.2803,108,0
-0.51804364,-42.6801,321,-0.6185088,-102.5069,111,0
-1.7938365,-42.6801,321,-1.7622671,-102.5069,111,0
-0.15272486,-43.2299,322,-0.893272,-105.7227,114,0
-0.5546738,-43.2299,322,-0.798226,-105.7227,114,0
-0.8512211,-46.2943,323,-2.446064,-114.5286,124,0
-0.5101371,-46.2943,323,-1.2260644,-114.5286,124,0
0.4568373,-44.6497,324,-0.2875158,-115.5636,124,0
-0.13855004,-45.1485,325,-0.058543324,-115.7744,124,0
0.284276,-45.1485,325,0.47457635,-115.7744,124,0
1.5990479,-39.3919,326,0.38366675,-114.3932,121,0
0.62328863,-39.3919,326,0.20398295,-114.3932,121,0
1.4427435,-34.1980,327,-0.1261189,-114.8472,120,0
1.4641161,-34.1980,327,0.7626747,-114.8472,120,0
0.4488585,-32.5821,328,-1.7443461,-121.1268,125,0
-0.07701111,-32.5821,328,-0.92430186,-121.1268,125,0
0.1374228,-32.0874,329,0.11220431,-120.7229,125,0
0.41126227,-32.0874,329,0.94552314,-120.7229,125,0
0.14207673,-31.5759,330,-0.37121624,-122.0593,126,0
-0.5569669,-31.5759,330,-0.80011284,-122.0593,126,0
-0.19993865,-32.2957,331,0.43333232,-120.4993,125,0
-0.38921416,-33.6969,332,-1.069015,-124.3477,129,0
0.4732579,-33.6969,332,0.34051347,-124.3477,129,0
0.29319298,-32.6414,333,0.19268191,-123.6541,128,0
-1.072531,-32.6414,333,-0.83113647,-123.6541,128,0
0.117099285,-32.2198,334,1.1964908,-119.3467,124,0
0.036445856,-32.2198,334,-0.47728482,-119.3467,124,0
0.09764075,-31.8683,335,-0.5201133,-121.2191,125,0
-0.034880042,-31.8683,335,-0.34203875,-121.2191,125,0
0.3321674,-30.6725,336,-0.08323842,-121.5188,125,0
0.10158324,-30.6725,336,-0.40463877,-121.5188,125,0
-0.11293006,-31.0791,337,0.38940006,-120.1169,124,0
-0.5971999,-33.2290,338,1.0624743,-116.2920,121,0
0.52147114,-33.2290,338,0.5292369,-116.2920,121,0
0.71410704,-30.6582,339,1.6791232,-110.2472,114,0
-0.8954813,-30.6582,339,0.6466949,-110.2472,114,0
-1.1214677,-34.6955,340,1.2292928,-105.8217,111,0
-0.26859748,-34.6955,340,-0.38817632,-105.8217,111,0
-0.36955535,-36.0259,341,-0.77380395,-108.6074,114,0
0.19427443,-36.0259,341,0.45668578,-108.6074,114,0
-0.3366214,-37.2377,342,1.2297982,-104.1802,111,0
0.50029635,-37.2377,342,1.0094546,-104.1802,111,0
0.14944553,-36.6997,343,1.7533877,-97.8680,105,0
-0.2985816,-36.6997,343,1.024201,-97.8680,105,0
-1.9584488,-43.7501,344,-2.573743,-107.1334,116,0
0.04413879,-43.5912,345,-1.7667391,-113.4937,122,0
0.59396553,-43.5912,345,-0.051578224,-113.4937,122,0
-0.71120703,-46.1516,346,-0.08914128,-113.8146,123,0
1.102657,-46.1516,346,-0.14257756,-113.8146,123,0
-0.3029871,-47.2423,347,-0.59020543,-115.9393,125,0
-0.4702406,-47.2423,347,-0.5613532,-115.9393,125,0
-0.41078174,-48.7211,348,-0.892748,-119.1532,129,0
0.16291046,-48.7211,348,-0.15430644,-119.1532,129,0
0.19354117,-48.0244,349,0.034735143,-119.0282,128,0
-0.45881522,-48.0244,349,0.069915324,-119.0282,128,0
-0.36224866,-49.3285,350,1.3725277,-114.0871,124,0
-1.907216,-49.3285,350,0.15964231,-114.0871,124,0
-0.50686955,-51.1532,351,1.3351102,-109.2807,121,0
-1.0642374,-54.9845,352,-0.6184949,-111.5073,124,0
-0.69829106,-54.9845,352,0.26956436,-111.5073,124,0
-0.6101984,-57.1812,353,-0.8844038,-114.6911,128,0
0.77752566,-57.1812,353,0.30503777,-114.6911,128,0
0.73080754,-54.5503,354,0.26767406,-113.7275,126,0
1.4776874,-54.5503,354,1.4848181,-113.7275,126,0
-0.41681814,-56.0508,355,-1.2963747,-118.3945,131,0
0.22266197,-56.0508,355,1.7707328,-118.3945,131,0
0.5108726,-54.2117,356,0.43023238,-116.8456,129,0
2.0136995,-54.2117,356,0.54507196,-116.8456,129,0
1.0519447,-50.4247,357,-0.15959644,-117.4202,128,0
-0.40830684,-50.4247,357,0.38051003,-117.4202,128,0
1.2436733,-45.9475,358,-0.35952988,-118.7145,127,0
1.505762,-40.5267,359,-0.2035577,-119.4473,126,0
1.0619525,-40.5267,359,0.005475968,-119.4473,126,0
0.51174486,-38.6844,360,-0.90884984,-122.7191,129,0
1.7384689,-38.6844,360,1.3155266,-122.7191,129,0
-0.09929919,-39.0419,361,0.29797715,-121.6464,128,0
1.9839971,-39.0419,361,1.205527,-121.6464,128,0
1.9405804,-32.0558,362,-2.1030433,-129.2174,133,0
0.7891383,-32.0558,362,-0.64093125,-129.2174,133,0
1.0810113,-28.1642,363,-0.40784103,-130.6856,134,0
-0.12201643,-28.1642,363,-1.9112821,-130.6856,134,0
-0.6472831,-30.4944,364,-1.3982311,-135.7192,139,0
-0.5857099,-32.6030,365,-1.6328287,-141.5974,145,0
-0.5347477,-32.6030,365,-0.04429859,-141.5974,145,0
0.7335012,-29.9623,366,1.1490476,-137.4608,141,0
0.3121524,-29.9623,366,0.71033704,-137.4608,141,0
0.5666568,-27.9224,367,2.3416188,-129.0310,132,0
-0.6274482,-27.9224,367,0.19800434,-129.0310,132,0
0.40572643,-26.4618,368,1.6957283,-122.9264,126,0
-0.16157699,-26.4618,368,0.3820323,-122.9264,126,0
-0.1201148,-26.8942,369,1.3009232,-118.2431,121,0
-1.0512913,-26.8942,369,0.5723382,-118.2431,121,0
0.23967695,-26.0313,370,0.2552844,-117.3241,120,0
-0.8772129,-26.0313,370,-0.0959194,-117.3241,120,0
-0.7303902,-28.6607,371,0.6445043,-115.0038,119,0
-0.2617097,-29.6029,372,0.88043594,-111.8343,116,0
-0.5680224,-29.6029,372,0.43675834,-111.8343,116,0
-0.4389205,-31.1830,373,1.0478426,-108.0620,112,0
-1.4025836,-31.1830,373,-0.120562255,-108.0620,112,0
-0.6899687,-33.6669,374,-0.7805097,-110.8719,116,0
0.074970484,-33.6669,374,0.4689448,-110.8719,116,0
0.6682217,-31.2613,375,0.3344247,-109.6679,114,0
0.26713026,-31.2613,375,-0.11490896,-109.6679,114,0
-0.24455321,-32.1417,376,1.0023086,-106.0596,111,0
-1.2424328,-32.1417,376,0.15371498,-106.0596,111,0
0.06470144,-31.9088,377,-0.1331925,-106.5391,111,0
-1.3918254,-31.9088,377,1.0933129,-106.5391,111,0
-0.19991648,-32.6285,378,0.20212922,-105.8115,111,0
-1.8096787,-39.1433,379,-1.4094648,-110.8855,118,0
0.2573502,-39.1433,379,0.6867457,-110.8855,118,0
0.6500881,-36.8030,380,0.3196152,-109.7349,116,0
0.5868373,-36.8030,380,-0.1069407,-109.7349,116,0
0.45173407,-35.1768,381,0.40016013,-108.2943,114,0
0.42225385,-35.1768,381,0.09699651,-108.2943,114,0
-1.4236269,-40.3018,382,1.3405201,-103.4685,111,0
0.083128214,-40.3018,382,-0.3606336,-103.4685,111,0
0.46420074,-38.6307,383,-0.13835078,-103.9665,111,0
0.15442705,-38.6307,383,-0.11684701,-103.9665,111,0
1.1042683,-34.6553,384,-0.26806283,-104.9316,111,0
0.7303755,-34.6553,384,-0.16196689,-104.9316,111,0
-1.1225946,-38.6967,385,-0.2505605,-105.8336,113,0
-0.9048624,-41.9542,386,0.32294068,-104.6710,113,0
0.10470843,-41.9542,386,1.0605251,-104.6710,113,0
-1.1202767,-45.9872,387,-0.21340388,-105.4392,115,0
-0.09445393,-45.9872,387,0.32861355,-105.4392,115,0
0.1194942,-45.5570,388,0.42191732,-103.9203,113,0
0.6549158,-45.5570,388,-1.3212717,-103.9203,113,0
0.62814736,-43.2957,389,0.41262424,-102.4349,111,0
-1.3559704,-43.2957,389,-0.49677557,-102.4349,111,0
-0.4965049,-45.0831,390,-1.188516,-106.7135,116,0
0.43291163,-45.0831,390,0.30135986,-106.7135,116,0
-0.10511792,-45.4615,391,1.4142807,-101.6221,111,0
-0.8588588,-48.5534,392,-1.1355108,-105.7100,116,0
-0.27617753,-48.5534,392,0.17150798,-105.7100,116,0
0.08783007,-48.2372,393,1.1496153,-101.5714,112,0
-0.4551549,-48.2372,393,-0.6998178,-101.5714,112,0
0.38235486,-46.8607,394,1.0229706,-97.8887,109,0
0.72677374,-46.8607,394,1.2622215,-97.8887,109,0
-0.07755399,-47.1399,395,0.72378516,-95.2830,106,0
-1.527012,-47.1399,395,-0.93309855,-95.2830,106,0
-0.48635638,-48.8908,396,-0.5146767,-97.1359,109,0
-0.2045176,-48.8908,396,-0.64454436,-97.1359,109,0
-0.5347866,-50.8160,397,-0.16872129,-97.7433,110,0
-0.33960938,-50.8160,397,0.5172755,-97.7433,110,0
-0.9550553,-54.2542,398,-0.5986079,-99.8983,114,0
0.17454004,-53.6259,399,1.7030935,-93.7671,108,0
-0.5997513,-53.6259,399,-0.47478628,-93.7671,108,0
-0.27337277,-54.6100,400,-0.21228379,-94.5313,109,0
0.5802932,-54.6100,400,-0.62733674,-94.5313,109,0
2.250085,-46.5097,401,-0.014035612,-94.5819,105,0
-0.25195587,-46.5097,401,0.81330407,-94.5819,105,0
0.35046136,-45.2481,402,-0.1214817,-95.0192,105,0
-0.60097635,-45.2481,402,-0.24566996,-95.0192,105,0
3.7569857,-31.7229,403,3.6508338,-81.8762,88,0
-1.9500135,-31.7229,403,0.64677984,-81.8762,88,0
-0.13473308,-32.2080,404,-0.044433787,-82.0362,88,0
1.2748727,-32.2080,404,-0.6735805,-82.0362,88,0
-0.015871167,-32.2651,405,-0.021241963,-82.1126,88,0
2.397728,-23.6333,406,-0.9538002,-85.5463,89,0
-0.63585943,-23.6333,406,-0.05680068,-85.5463,89,0
-1.6916411,-29.7232,407,-0.2929803,-86.6011,92,0
-0.6686629,-29.7232,407,-0.11819438,-86.6011,92,0
-1.1386957,-33.8225,408,-0.70819426,-89.1506,95,0
0.20467746,-33.8225,408,0.16735001,-89.1506,95,0
-0.52797174,-35.7232,409,0.7152174,-86.5758,94,0
0.5231525,-35.7232,409,-0.056920998,-86.5758,94,0
2.0298438,-28.4157,410,0.13727665,-86.0816,91,0
0.3604846,-28.4157,410,0.25094134,-86.0816,91,0
0.4212333,-26.8993,411,-0.20362586,-86.8146,91,0
0.98566043,-26.8993,411,-0.15524942,-86.8146,91,0
0.8245877,-23.9308,412,-1.3209407,-91.5700,95,0
0.6011497,-21.7666,413,-0.17144257,-92.1872,95,0
-0.5805845,-21.7666,413,0.12290129,-92.1872,95,0
-0.52027,-23.6396,414,-0.90540755,-95.4467,98,0
-0.81705,-23.6396,414,-0.7115064,-95.4467,98,0
-0.21791315,-24.4241,415,1.4503697,-90.2253,93,0
0.11096501,-24.4241,415,1.0730537,-90.2253,93,0
1.8904705,-17.6184,416,2.2008758,-82.3022,84,0
0.7855171,-17.6184,416,0.4843234,-82.3022,84,0
1.6378938,-11.7220,417,0.58769655,-80.1865,81,0
0.8674443,-11.7220,417,1.1268228,-80.1865,81,0
0.6279856,-9.4612,418,-0.14139277,-80.6955,81,0
1.5100772,-4.0250,419,-0.4309082,-82.2468,82,0
0.8548124,-4.0250,419,1.3337214,-82.2468,82,0
0.69153607,-1.5354,420,0.4618103,-80.5842,81,0
1.3582189,-1.5354,420,0.71492285,-80.5842,81,0
-1.1532524,-5.6871,421,-0.8735768,-83.7291,84,0
0.79808545,-5.6871,421,0.55775005,-83.7291,84,0
-1.0898349,-9.6106,422,-0.7003213,-86.2503,87,0
-0.8431822,-9.6106,422,-0.71912116,-86.2503,87,0
0.10569739,-9.2300,423,-0.007152259,-86.2760,87,0
-0.36718607,-9.2300,423,-0.12307185,-86.2760,87,0
0.8454958,-6.1863,424,0.2954898,-85.2123,85,0
-0.10324788,-6.1863,424,-0.50328356,-85.2123,85,0
0.59498405,-4.0443,425,1.5135759,-79.7634,80,0
-1.0138967,-7.6943,426,-0.13718832,-80.2573,81,0
-1.2283206,-7.6943,426,-0.920075,-80.2573,81,0
0.83114886,-4.7022,427,-0.43093342,-81.8086,82,0
0.67128694,-4.7022,427,-0.6592539,-81.8086,82,0
-1.0148406,-8.3556,428,0.4439211,-80.2105,81,0
0.46640944,-8.3556,428,-0.3154415,-80.2105,81,0
-0.24198997,-9.2268,429,-0.812726,-83.1363,84,0
0.14589524,-9.2268,429,-0.9097456,-83.1363,84,0
-0.4868939,-10.9796,430,-0.30482137,-84.2337,85,0
-0.03621888,-10.9796,430,0.47531736,-84.2337,85,0
-0.6087843,-13.1712,431,-0.7126066,-86.7991,88,0
0.4197464,-13.1712,431,-0.2435649,-86.7991,88,0
0.24421191,-12.2921,432,-0.120862424,-87.2342,88,0
1.31793,-7.5475,433,-0.4319393,-88.7892,89,0
0.3231926,-7.5475,433,-0.12045938,-88.7892,89,0
0.905571,-4.2875,434,0.31259358,-87.6638,88,0
0.32792473,-4.2875,434,1.586259,-87.6638,88,0
0.79440093,-1.4276,435,0.82019806,-84.7111,85,0
-0.16548514,-1.4276,435,0.459767,-84.7111,85,0
0.29052234,-0.3818,436,-0.7190565,-87.2997,87,0
-1.6387607,-0.3818,436,-0.5999723,-87.2997,87,0
0.43029237,1.1673,437,-0.33153903,-88.4932,89,0
0.46764922,1.1673,437,-0.47108352,-88.4932,89,0
-0.116416216,0.7482,438,0.9268086,-85.1567,85,0
0.8679004,0.7482,438,0.118328124,-85.1567,85,0
-0.1332047,0.2687,439,-0.5995698,-87.3152,87,0
0.19484568,0.9701,440,0.24037611,-86.4498,86,0
-0.40728128,0.9701,440,0.6453661,-86.4498,86,0
-0.73033774,-1.6591,441,0.20964792,-85.6951,86,0
0.8954891,-1.6591,441,-0.83327025,-85.6951,86,0
1.0090055,1.9733,442,0.30053306,-84.6132,85,0
0.5581958,1.9733,442,0.8929088,-84.6132,85,0
0.5602474,3.9902,443,-0.22135934,-85.4101,86,0
0.47908497,3.9902,443,0.38714778,-85.4101,86,0
-0.50782526,2.1620,444,0.30959845,-84.2955,84,0
-0.060619116,2.1620,444,1.0383645,-84.2955,84,0
0.59433246,4.3016,445,0.46698895,-82.6144,83,0
-0.8900999,1.0973,446,-0.009154111,-82.6473,83,0
-0.67011786,1.0973,446,-0.21124357,-82.6473,83,0
-1.7863259,-5.3335,447,0.79657066,-79.7797,80,0
-1.0028317,-5.3335,447,-0.084103316,-79.7797,80,0
-0.4526453,-6.9630,448,0.49958548,-77.9812,78,0
-0.07169247,-6.9630,448,-0.28469113,-77.9812,78,0
0.58441234,-4.8591,449,-0.52870065,-79.8845,80,0
0.1596303,-4.8591,449,-0.7554307,-79.8845,80,0
0.092927694,-4.5246,450,-0.8327563,-82.8824,83,0
-0.8215089,-4.5246,450,-0.32282507,-82.8824,83,0
0.35149574,-3.2592,451,-0.34734565,-84.1328,84,0
-0.7623832,-3.2592,451,-0.43211946,-84.1328,84,0
-0.33733845,-4.4736,452,-0.31745636,-85.2757,85,0
0.51055336,-2.6356,453,-0.25113255,-86.1798,86,0
-0.6556679,-2.6356,453,0.5094374,-86.1798,86,0
-0.63969946,-4.9386,454,0.5637192,-84.1504,84,0
-1.1193348,-4.9386,454,-1.4371053,-84.1504,84,0
-0.4099896,-6.4145,455,0.5615181,-82.1289,82,0
-0.02943039,-6.4145,455,-0.7633216,-82.1289,82,0
0.42658544,-4.8788,456,1.0920073,-78.1977,78,0
0.18511248,-4.8788,456,-0.23636219,-78.1977,78,0
0.12978458,-4.4116,457,-0.5995035,-80.3559,80,0
-0.45800614,-4.4116,457,0.5623195,-80.3559,80,0
0.503247,-2.5999,458,0.36993837,-79.0241,79,0
1.0279665,-2.5999,458,1.0395252,-79.0241,79,0
0.038298607,-2.4620,459,0.666308,-76.6254,77,0
-1.1188501,-6.4899,460,-1.2311845,-81.0577,81,0
-0.22195911,-6.4899,460,-0.31998622,-81.0577,81,0
0.54879665,-4.5142,461,-0.37316918,-82.4011,83,0
1.495372,-4.5142,461,0.41174608,-82.4011,83,0
-0.7531837,-7.2257,462,-2.0831609,-89.9005,90,0
0.7933061,-7.2257,462,-0.03100735,-89.9005,90,0
0.756737,-4.5014,463,0.92165613,-86.5825,87,0
-0.43991983,-4.5014,463,-0.23827341,-86.5825,87,0
-0.23911238,-5.3622,464,-0.400227,-88.0233,88,0
0.6239016,-5.3622,464,-0.108246446,-88.0233,88,0
-0.22850895,-6.1849,465,-1.3808988,-92.9946,93,0
0.46897292,-6.1849,465,-1.452389,-92.9946,93,0
1.9563429,0.8580,466,-0.29397064,-94.0528,94,0
2.1643002,8.6495,467,0.7976549,-91.1813,92,0
2.0184214,8.6495,467,0.16285774,-91.1813,92,0
1.7246594,14.8582,468,0.73781955,-88.5251,90,0
0.48609018,14.8582,468,0.8804449,-88.5251,90,0
0.16987205,15.4698,469,2.0486767,-81.1499,83,0
-0.65288925,15.4698,469,1.0186276,-81.1499,83,0
-0.68940973,12.9879,470,1.1755192,-76.9180,78,0
-0.7485621,12.9879,470,1.5032233,-76.9180,78,0
0.21232653,13.7523,471,-0.24063233,-77.7843,79,0
-0.7293618,13.7523,471,-0.7353765,-77.7843,79,0
-0.69117785,11.2640,472,0.43520227,-76.2176,77,0
-1.3314061,6.4710,473,-0.6831166,-78.6768,79,0
-0.32146192,6.4710,473,0.13128099,-78.6768,79,0
0.07925987,6.7563,474,0.15681759,-78.1123,78,0
-1.1942157,6.7563,474,0.52881664,-78.1123,78,0
-2.3113582,-1.5646,475,-1.0247687,-81.8014,82,0
0.18507719,-1.5646,475,0.5494617,-81.8014,82,0
-0.106411934,-1.9477,476,0.9484594,-78.3870,78,0
-0.84288025,-1.9477,476,-0.029188022,-78.3870,78,0
-0.29205978,-2.9991,477,0.459046,-76.7344,77,0
0.16410732,-2.9991,477,-0.37331712,-76.7344,77,0
1.0498002,0.7802,478,0.9012263,-73.4900,73,0
-0.0357399,0.7802,478,-0.5789006,-73.4900,73,0
0.37119794,2.1165,479,-0.3618141,-74.7925,75,0
-0.11530566,1.7014,480,0.64735144,-72.4621,72,0
0.15241456,1.7014,480,1.7383956,-72.4621,72,0
0.963099,5.1686,481,0.19402307,-71.7636,72,0
-0.5420327,5.1686,481,-0.8160091,-71.7636,72,0
-0.7264255,2.5534,482,-1.2301133,-76.1920,76,0
0.05282259,2.5534,482,-0.22881794,-76.1920,76,0
-0.004970074,2.5355,483,0.4641918,-74.5209,75,0
0.28078532,2.5355,483,0.090051174,-74.5209,75,0
-0.13595057,2.0461,484,0.18745938,-73.8460,74,0
2.3441248,2.0461,484,0.5040796,-73.8460,74,0
1.3173828,6.7887,485,-0.42055646,-75.3600,76,0
1.6161833,6.7887,485,2.1215892,-75.3600,76,0
-0.24895692,5.8924,486,-0.8105042,-78.2779,78,0
-0.41124964,4.4119,487,-1.452285,-83.5061,84,0
0.9928241,4.4119,487,2.514796,-83.5061,84,0
-1.8767126,-2.3442,488,-2.0262408,-90.8005,91,0
0.4097569,-2.3442,488,2.1200528,-90.8005,91,0
-2.416565,-11.0439,489,-0.56537867,-92.8359,93,0
-1.1985048,-11.0439,489,0.34475386,-92.8359,93,0
-1.5792127,-16.7290,490,-1.9549663,-99.8738,101,0
-1.9554365,-16.7290,490,1.7916133,-99.8738,101,0
-1.5841078,-22.4318,491,1.0412526,-96.1253,99,0
-2.686767,-22.4318,491,-0.26607314,-96.1253,99,0
-1.1233793,-26.4760,492,-0.67834413,-98.5673,102,0
-1.3444215,-26.4760,492,-1.1193674,-98.5673,102,0
-1.1761224,-30.7100,493,-0.77823186,-101.3690,106,0
-1.7316601,-36.9440,494,-0.95038414,-104.7903,111,0
-1.6344773,-36.9440,494,-0.6447441,-104.7903,111,0
-1.6454118,-42.8675,495,-1.4659209,-110.0677,118,0
-1.642293,-42.8675,495,-0.60170686,-110.0677,118,0
-0.789094,-45.7082,496,-0.043475434,-110.2242,119,0
-0.98752,-45.7082,496,-0.092484735,-110.2242,119,0
0.41738105,-44.2056,497,-0.01581563,-110.2811,119,0
-0.9060594,-44.2056,497,0.5228156,-110.2811,119,0
-1.1143024,-48.2171,498,1.2803574,-105.6718,116,0
-1.3889589,-48.2171,498,-0.5083616,-105.6718,116,0
-1.1750665,-52.4474,499,-0.7127226,-108.2376,120,0
-1.4542642,-57.6827,500,0.43722063,-106.6636,121,0
-1.0264989,-57.6827,500,-0.7705251,-106.6636,121,0
1.3039691,-52.9884,501,1.4073642,-101.5971,115,0
-1.6434488,-52.9884,501,-0.1535056,-101.5971,115,0
0.08744979,-52.6736,502,0.71516687,-99.0225,112,0
-0.60225725,-52.6736,502,-0.46419936,-99.0225,112,0
-0.13324142,-53.1533,503,0.33982992,-97.7991,111,0
0.2156558,-53.1533,503,-0.058944494,-97.7991,111,0
0.74117136,-50.4851,504,0.9396384,-94.4164,107,0
-0.8237213,-50.4851,504,-0.1829179,-94.4164,107,0
0.27563393,-49.4928,505,0.8602148,-91.3197,104,0
-0.5688418,-49.4928,505,0.33157626,-91.3197,104,0
0.2837305,-48.4713,506,0.5471759,-89.3498,102,0
0.14793992,-47.9388,507,0.41691452,-87.8489,100,0
-0.24687171,-47.9388,507,0.18966982,-87.8489,100,0
-1.3046564,-52.6355,508,0.894517,-84.6287,100,0
-1.7185764,-52.6355,508,-0.21150875,-84.6287,100,0
-1.7594755,-58.9696,509,-0.8770875,-87.7862,106,0
-0.74889266,-58.9696,509,0.29039565,-87.7862,106,0
0.60336876,-56.7975,510,1.5125134,-82.3411,100,0
-0.30998766,-56.7975,510,1.1479033,-82.3411,100,0
1.6197045,-50.9666,511,0.18361342,-81.6801,96,0
0.41171062,-50.9666,511,-0.1767698,-81.6801,96,0
0.7001283,-48.4461,512,0.07888436,-81.3961,95,0
0.4987948,-48.4461,512,0.4043907,-81.3961,95,0
0.5609641,-46.4266,513,0.7526165,-78.6867,91,0
0.1784277,-45.7843,514,0.11691794,-78.2658,91,0
0.8763585,-45.7843,514,-0.65751237,-78.2658,91,0
1.0290716,-42.0796,515,-1.0598958,-82.0814,92,0
1.2787864,-42.0796,515,0.53546023,-82.0814,92,0
0.8211496,-39.1235,516,-0.29855976,-83.1563,92,0
-0.48321033,-39.1235,516,0.1946895,-83.1563,92,0
0.18583965,-38.4545,517,-0.009531289,-83.1906,92,0
0.43719864,-38.4545,517,-0.60542566,-83.1906,92,0
0.8248074,-35.4852,518,0.4792506,-81.4653,89,0
-0.7552192,-35.4852,518,-0.271029,-81.4653,89,0
0.2688098,-34.5175,519,0.43664575,-79.8933,87,0
0.25881934,-34.5175,519,-0.21497312,-79.8933,87,0
-0.093703985,-34.8548,520,-1.5082253,-85.3230,92,0
-0.3516302,-36.1207,521,-0.22719339,-86.1408,93,0
-0.005416155,-36.1207,521,0.57293844,-86.1408,93,0
1.0038338,-32.5069,522,-0.63604915,-88.4306,94,0
0.70077014,-32.5069,522,-0.43521798,-88.4306,94,0
0.64851165,-30.1722,523,-0.14566678,-88.9550,94,0
0.3094206,-30.1722,523,0.33549526,-88.9550,94,0
-0.12817478,-30.6337,524,-0.4488916,-90.5710,96,0
0.012827158,-30.6337,524,-0.66252506,-90.5710,96,0
0.13339996,-30.1534,525,-0.37381345,-91.9168,97,0
-0.6126785,-30.1534,525,0.0809478,-91.9168,97,0
-0.44207907,-31.7449,526,-0.9701083,-95.4092,101,0
-0.9880626,-35.3019,527,0.47084612,-93.7141,100,0
-1.2130157,-35.3019,527,-0.1089139,-93.7141,100,0
-0.009904504,-35.3376,528,-0.031591415,-93.8278,100,0
0.6364769,-35.3376,528,2.2738323,-93.8278,100,0
-1.2156482,-39.7139,529,0.34085906,-92.6007,101,0
-0.19585133,-39.7139,529,2.034685,-92.6007,101,0
-0.9715093,-43.2113,530,0.6776272,-90.1613,100,0
-0.420884,-43.2113,530,-1.1003197,-90.1613,100,0
-0.07666731,-43.4873,531,0.060513973,-89.9434,100,0
-0.24298453,-43.4873,531,-0.9406243,-89.9434,100,0
0.51627886,-41.6287,532,-0.09710498,-90.2930,99,0
3.460945,-41.6287,532,0.33412617,-90.2930,99,0
-0.7949834,-44.4907,533,-1.0536178,-94.0860,104,0
0.59974277,-42.3316,534,-0.4389522,-95.6663,105,0
-0.049845815,-42.3316,534,0.1309028,-95.6663,105,0
1.0352476,-38.6047,535,0.56940544,-93.6164,101,0
0.41493106,-38.6047,535,-0.27109724,-93.6164,101,0
1.4145677,-33.5123,536,0.3887788,-92.2168,98,0
0.86557174,-33.5123,536,-1.1967406,-92.2168,98,0
-0.844187,-36.5513,537,-0.3103611,-93.3341,100,0
-0.43536854,-36.5513,537,0.5495569,-93.3341,100,0
0.10414004,-36.1764,538,0.20133662,-92.6093,99,0
-0.34915757,-36.1764,538,-1.2490311,-92.6093,99,0
-1.3925815,-41.1897,539,-0.67527676,-95.0403,104,0
-1.3925815,-41.1897,540,-0.67527676,-95.0403,104,0